id,date,price,bedrooms,bathrooms,sqft_living,sqft_lot,floors,waterfront,view,condition,grade,sqft_above,sqft_basement,yr_built,yr_renovated,zipcode,lat,long,sqft_living15,sqft_lot15
1,20140501T000000,899994,2,1.77,3372,11905,2.0,0,0,3,5,2863,509,2012,0,98007,47.608718,-121.863652,3755,8527
2,20140502T000000,778439,2,1.13,3620,14353,2.0,0,4,4,8,500,3120,2008,0,98005,47.761033,-121.839997,2559,6696
3,20140503T000000,1308492,4,1.38,4677,13698,2.5,0,0,3,8,1519,3158,1906,0,98008,47.527524,-122.211042,3737,4072
4,20140504T000000,2054108,4,2.19,3104,12045,2.0,0,0,3,7,1784,1320,2004,0,98002,47.601095,-122.359257,2546,13018
5,20140505T000000,659117,2,3.81,2882,3657,1.0,0,0,3,9,562,2320,1975,0,98002,47.633379,-122.343366,4741,14268
6,20140506T000000,530855,5,3.0,1031,13714,1.0,0,0,4,8,3030,0,1913,0,98005,47.28397,-121.860609,1805,5476
7,20140507T000000,2545443,2,2.79,4816,4346,1.0,0,0,3,8,3892,924,1945,0,98008,47.131661,-121.627127,3394,12067
8,20140508T000000,1019141,4,2.03,1134,10663,2.0,0,0,3,7,2369,0,1914,0,98008,47.101311,-122.090504,2532,14848
9,20140509T000000,503436,4,4.26,2269,3949,1.0,0,0,3,8,3772,0,1966,0,98008,47.345454,-122.33048,1264,12098
10,20140510T000000,1252839,5,2.39,4304,1941,2.5,0,0,3,9,2769,1535,1914,0,98002,47.269025,-121.743398,998,5489
11,20140511T000000,499517,4,1.3,2870,2907,1.0,0,0,5,7,651,2219,1950,0,98008,47.143622,-121.667511,3868,14361
12,20140512T000000,428889,4,3.16,502,5837,1.0,0,2,3,7,1143,0,1987,1980,98004,47.22567,-121.619418,3444,5491
13,20140513T000000,725900,3,1.4,705,14680,1.5,0,0,3,8,1125,0,2009,2014,98001,47.187149,-121.893169,4304,9736
14,20140514T000000,204980,4,2.21,4635,9105,2.0,0,0,4,7,716,3919,1907,0,98007,47.740415,-121.639271,4713,7855
15,20140515T000000,236285,2,2.78,3121,2243,1.0,0,0,3,9,695,2426,1968,0,98008,47.198187,-122.484585,4960,8401
16,20140516T000000,543744,5,4.06,3390,6696,1.5,0,0,3,9,3773,0,1961,0,98005,47.476354,-122.392764,635,4097
17,20140517T000000,340073,4,2.73,3693,14543,1.5,0,0,3,6,3542,151,1950,2014,98001,47.515174,-122.407424,1600,12817
18,20140518T000000,775977,4,3.46,3166,13615,1.0,0,0,3,5,1514,1652,1962,0,98004,47.480443,-121.787395,2371,4505
19,20140519T000000,440389,3,4.47,3806,2466,1.0,0,0,3,9,3194,612,1967,0,98007,47.16934,-122.430418,4533,2084
20,20140520T000000,228282,4,1.46,1397,4957,2.0,0,0,3,7,3805,0,1977,0,98002,47.323159,-122.003636,4613,1552
21,20140521T000000,1625220,4,1.96,1585,2966,2.0,0,0,3,6,3712,0,1915,0,98003,47.135889,-122.027293,4512,6560
22,20140522T000000,606713,4,2.38,1779,1375,1.0,0,0,3,9,3255,0,1983,0,98004,47.376969,-122.189296,704,2153
23,20140523T000000,658331,2,2.48,1170,1262,2.0,0,2,3,7,2021,0,1923,0,98003,47.232019,-121.629595,2871,13130
24,20140524T000000,250851,2,2.44,2005,5362,3.0,0,0,3,8,2078,0,1905,0,98001,47.493143,-122.329567,1061,6473
25,20140525T000000,516499,3,4.18,4075,7502,2.0,0,0,3,7,1580,2495,1956,0,98005,47.584966,-122.147537,3814,3245
26,20140526T000000,807722,2,3.5,2455,12580,2.0,0,0,5,9,2027,428,1930,0,98007,47.472484,-121.725828,4460,2686
27,20140527T000000,269482,5,3.13,749,12587,2.5,0,2,3,7,3713,0,1905,0,98002,47.403966,-122.469578,3026,6835
28,20140528T000000,1130439,3,2.08,2392,11136,3.0,0,0,3,12,1221,1171,1998,0,98007,47.371133,-121.82705,2711,1693
29,20140529T000000,551986,6,3.88,3939,8833,2.0,0,0,3,9,2107,1832,1978,0,98004,47.689184,-121.683602,2871,8538
30,20140530T000000,539495,3,4.34,2353,2893,1.5,0,0,4,7,2259,94,1928,0,98002,47.253558,-121.567732,3181,9091
31,20140531T000000,499514,3,3.87,3354,9106,2.0,0,0,4,8,2062,1292,1966,0,98003,47.613953,-121.623703,3306,12982
32,20140601T000000,2503815,4,1.01,2003,12826,2.0,0,0,3,8,1139,864,1974,0,98003,47.630238,-122.180616,4269,6835
33,20140602T000000,778932,4,3.23,3885,2652,1.0,0,0,3,8,2653,1232,1902,0,98006,47.39344,-121.913636,2755,9689
34,20140603T000000,455945,3,1.18,4071,6540,1.5,0,3,3,10,664,3407,1927,0,98007,47.30811,-122.422707,4910,11287
35,20140604T000000,1531893,4,1.9,4292,13333,2.0,0,0,3,9,714,3578,1973,0,98008,47.429379,-122.24213,1400,7794
36,20140605T000000,300891,4,1.21,3926,4892,2.0,0,0,3,6,1594,2332,2013,0,98005,47.16525,-122.405778,2250,14483
37,20140606T000000,737121,3,3.11,543,1599,1.5,0,0,4,9,589,0,1996,0,98008,47.132151,-122.184813,3795,9804
38,20140607T000000,157533,6,3.4,4112,5815,2.0,0,0,2,4,2295,1817,1947,0,98003,47.178122,-121.624813,3659,13159
39,20140608T000000,345367,6,1.4,3118,2912,1.0,0,2,3,10,3421,0,1979,0,98005,47.231002,-122.152833,1952,14626
40,20140609T000000,939009,4,2.34,3663,10484,1.5,0,0,3,9,1751,1912,1909,0,98006,47.452924,-121.938102,1743,9567
41,20140610T000000,1059267,3,2.6,1788,9792,2.0,0,0,3,7,1602,186,1932,0,98004,47.694396,-122.066619,2822,1805
42,20140611T000000,817622,4,2.29,3442,9572,1.0,0,0,4,7,1107,2335,1999,0,98006,47.26495,-122.041083,2170,1920
43,20140612T000000,627237,2,1.42,719,5213,1.0,0,0,4,10,848,0,1966,0,98005,47.754613,-121.530428,2527,14162
44,20140613T000000,638678,2,2.47,2425,4637,3.0,0,0,3,10,3441,0,1968,0,98003,47.768436,-122.203846,2268,4604
45,20140614T000000,271271,3,3.63,3472,11355,1.0,0,0,3,8,745,2727,1911,0,98001,47.771233,-121.872676,4163,2443
46,20140615T000000,454790,3,1.25,4013,13547,1.0,0,0,3,7,771,3242,1956,0,98005,47.686294,-122.079937,2802,8048
47,20140616T000000,533359,4,1.28,2948,10290,3.0,0,0,3,8,2530,418,1943,0,98002,47.354678,-122.438854,1669,14707
48,20140617T000000,1284113,4,2.24,3971,6599,2.0,0,0,3,4,902,3069,1912,0,98008,47.150879,-122.010669,2932,2545
49,20140618T000000,849697,4,4.3,3274,7448,2.0,0,0,3,6,3687,0,1923,0,98001,47.498173,-121.686657,886,2210
50,20140619T000000,179428,3,3.34,1490,9557,2.5,0,0,4,7,1965,0,1943,0,98007,47.491077,-122.401247,2930,14293
51,20140620T000000,906220,3,3.38,3446,14945,1.0,0,0,3,7,1695,1751,1956,0,98005,47.694983,-122.430408,3848,11272
52,20140621T000000,537507,3,2.27,2312,11762,2.0,0,0,4,8,3587,0,1995,0,98002,47.797194,-122.346368,1905,7212
53,20140622T000000,511995,6,3.08,1303,12611,2.0,0,0,2,13,3508,0,1915,0,98008,47.45571,-121.7356,623,5687
54,20140623T000000,1018467,2,1.04,989,14749,2.0,0,0,4,9,3445,0,1995,0,98007,47.341643,-121.776005,4497,6310
55,20140624T000000,1468259,4,3.23,4056,8382,2.0,0,0,3,6,1579,2477,2008,0,98006,47.230131,-121.934982,3952,11340
56,20140625T000000,1316386,4,4.2,1993,11668,2.0,0,0,3,8,2114,0,2000,0,98001,47.10336,-122.031774,4396,10700
57,20140626T000000,449544,3,3.14,4145,9982,1.5,0,0,3,8,1626,2519,1999,0,98005,47.45638,-121.611674,2124,14596
58,20140627T000000,577233,4,4.06,3391,4569,1.5,0,0,4,7,783,2608,1920,0,98004,47.488863,-121.733302,1681,1913
59,20140628T000000,1030707,3,3.53,2205,8707,2.0,0,0,3,11,1016,1189,2010,0,98006,47.677457,-121.688058,1227,3780
60,20140629T000000,1582880,5,1.42,4016,1746,2.0,0,0,3,8,3165,851,1975,0,98002,47.453204,-121.686738,4384,9581
61,20140630T000000,722532,5,4.16,3840,9504,2.0,0,0,3,13,1801,2039,1950,0,98004,47.741528,-121.857283,4170,8732
62,20140701T000000,525752,3,1.23,553,5633,1.5,0,0,3,8,1111,0,1920,0,98003,47.539658,-122.041985,1641,13241
63,20140702T000000,398993,3,2.87,3075,1920,2.0,0,4,3,9,1249,1826,1959,2012,98006,47.688235,-121.635322,2875,13447
64,20140703T000000,307800,4,1.5,4091,10269,2.0,0,0,4,6,1792,2299,1950,0,98008,47.203811,-121.573993,4531,5987
65,20140704T000000,1113703,5,1.04,1115,14778,2.0,0,0,3,8,2356,0,1920,0,98006,47.698735,-122.476194,858,4625
66,20140705T000000,1597932,3,2.48,1454,8008,2.0,0,0,3,7,899,555,2006,0,98008,47.572601,-122.448445,4242,10262
67,20140706T000000,775483,4,2.03,2933,12021,2.5,0,0,2,10,2026,907,1905,0,98005,47.219163,-121.541257,3344,8326
68,20140707T000000,1554542,4,2.7,2129,3381,2.0,0,0,3,10,2524,0,1972,0,98005,47.232834,-122.222839,2711,14757
69,20140708T000000,1085222,4,3.02,3281,4618,2.0,0,0,3,10,2633,648,1964,0,98002,47.74855,-121.626631,1472,13983
70,20140709T000000,427837,2,1.15,1149,9989,2.0,0,0,3,9,819,330,1975,0,98006,47.122551,-122.111205,860,14045
71,20140710T000000,1048843,4,1.43,2847,5443,2.5,0,0,3,10,1555,1292,1957,0,98005,47.423774,-122.3809,3132,3570
72,20140711T000000,2368142,5,2.96,4990,1272,2.0,0,0,3,7,835,4155,1977,0,98003,47.319433,-122.419557,3690,4737
73,20140712T000000,761174,3,2.2,3778,12202,2.0,0,0,5,8,2598,1180,1905,0,98008,47.565554,-122.343492,2124,3779
74,20140713T000000,2365599,3,3.55,3140,14007,2.0,0,0,3,9,3650,0,1964,0,98007,47.687741,-122.250107,4428,9530
75,20140714T000000,137894,6,3.28,4301,2773,2.0,0,0,3,9,673,3628,1985,0,98007,47.352265,-122.011482,2256,2976
76,20140715T000000,1393698,3,3.96,3061,3547,1.0,0,0,4,9,2141,920,1933,0,98007,47.398831,-121.798502,740,12628
77,20140716T000000,784886,4,3.42,3749,4164,1.5,0,0,3,7,1000,2749,1955,0,98005,47.787342,-121.513601,1475,1794
78,20140717T000000,446025,3,2.5,870,5780,3.0,0,0,3,6,2623,0,1974,0,98006,47.648742,-122.058493,4818,2722
79,20140718T000000,802291,3,3.36,1357,13909,2.0,0,0,3,11,2863,0,1902,0,98007,47.728043,-121.981815,2813,14885
80,20140719T000000,153914,5,1.96,883,1946,2.0,0,0,4,8,2356,0,1941,0,98001,47.407134,-121.978184,1805,12411
81,20140720T000000,662555,3,2.07,4377,11857,2.5,0,0,2,7,3944,433,1961,0,98004,47.263853,-121.960566,1287,1898
82,20140721T000000,1056833,3,3.76,3052,1506,2.0,0,0,3,10,3652,0,1905,0,98006,47.388304,-121.982259,2928,14455
83,20140722T000000,2765999,3,2.56,4834,14870,2.0,0,0,3,11,2396,2438,1905,0,98008,47.601264,-122.491225,1055,1102
84,20140723T000000,553081,4,3.79,4790,7719,2.0,0,0,3,7,2163,2627,1962,0,98003,47.176601,-122.498275,2609,12051
85,20140724T000000,474228,2,3.88,3225,9435,2.0,0,0,3,10,2218,1007,1919,0,98006,47.289328,-122.402334,3149,13380
86,20140725T000000,678907,3,4.0,4534,9697,1.0,0,0,3,11,2278,2256,1920,0,98003,47.132645,-122.398443,2059,14262
87,20140726T000000,1734106,5,4.21,3793,13709,1.5,0,0,3,11,1196,2597,1901,0,98006,47.402643,-121.795103,4735,8453
88,20140727T000000,1240913,3,2.51,4751,12350,1.5,0,0,3,11,3557,1194,1989,0,98007,47.679212,-122.295084,1863,10639
89,20140728T000000,571528,4,2.12,4488,7360,1.0,0,0,3,8,1231,3257,1994,0,98004,47.117265,-121.605286,4459,13406
90,20140729T000000,934632,3,3.04,1422,8657,2.0,0,0,3,8,1594,0,1989,0,98004,47.572726,-121.571394,1089,3032
91,20140730T000000,664017,4,2.3,3415,4590,1.5,0,2,3,4,3516,0,1955,0,98003,47.752747,-121.524107,2249,13224
92,20140731T000000,1343203,2,3.1,3450,11064,1.0,0,0,3,6,3401,49,1995,0,98006,47.26585,-121.560919,1040,7172
93,20140801T000000,469620,5,3.47,3546,12985,1.5,0,0,4,8,3213,333,1909,0,98004,47.585544,-122.228112,2922,12252
94,20140802T000000,520996,3,3.41,1474,2192,1.0,0,0,3,8,1151,323,1986,0,98002,47.782571,-121.990223,790,2534
95,20140803T000000,479489,3,2.31,1730,13617,2.0,0,0,3,7,1594,136,1969,0,98006,47.773595,-122.324545,2590,8197
96,20140804T000000,263501,2,1.58,2935,13937,2.5,0,0,4,8,545,2390,1922,0,98004,47.26445,-121.69379,4435,14677
97,20140805T000000,816704,2,2.51,2314,2464,2.0,0,0,3,7,1570,744,1991,0,98001,47.170232,-121.611568,4458,12039
98,20140806T000000,1028031,3,1.5,3434,1390,1.0,0,0,3,10,1945,1489,2012,0,98001,47.203798,-121.648711,4359,12401
99,20140807T000000,637800,3,4.12,1863,6615,1.0,0,0,3,7,2696,0,1929,2004,98002,47.591425,-122.066633,1755,5570
100,20140808T000000,738758,4,2.21,4440,13668,1.0,0,0,3,9,3457,983,1977,0,98004,47.608031,-121.741326,507,7706
101,20140809T000000,225824,3,1.54,703,12569,2.0,0,0,4,8,3701,0,1936,0,98001,47.571966,-122.402421,2157,12655
102,20140810T000000,400899,3,1.09,660,14029,1.0,0,0,5,6,955,0,1954,0,98007,47.335255,-122.459755,4928,1434
103,20140811T000000,788435,4,3.26,4987,7106,2.0,0,0,3,11,2162,2825,1995,0,98006,47.218844,-121.746764,1756,10449
104,20140812T000000,365613,4,3.23,1268,14107,1.0,0,0,3,8,3424,0,1948,0,98005,47.506533,-122.074645,4450,9246
105,20140813T000000,723000,2,2.19,4248,9864,2.0,0,0,3,8,1465,2783,1933,0,98004,47.438576,-121.504451,1539,10122
106,20140814T000000,936879,2,1.25,3081,3560,1.0,0,0,3,7,2520,561,2004,0,98008,47.610184,-122.402746,2616,14603
107,20140815T000000,2468667,2,2.43,1593,6867,1.0,0,0,4,8,1368,225,1943,0,98002,47.408952,-121.644372,1184,11991
108,20140816T000000,596754,4,2.09,1107,2211,2.0,0,0,4,5,2028,0,2014,0,98004,47.337048,-122.020017,4518,9503
109,20140817T000000,818114,4,3.37,2040,10121,1.0,0,0,3,8,3476,0,1921,0,98003,47.305435,-121.67285,2297,14859
110,20140818T000000,721019,3,3.12,3375,2539,1.0,0,0,2,8,3571,0,1930,0,98003,47.248029,-121.682873,2324,8256
111,20140819T000000,225384,4,2.28,3691,10104,2.0,0,0,3,10,1500,2191,1906,0,98001,47.286022,-121.584008,4034,10148
112,20140820T000000,732109,4,1.76,2337,1643,2.0,0,0,3,9,1273,1064,2004,0,98008,47.166381,-122.20215,562,7461
113,20140821T000000,587179,4,4.46,1189,13714,2.0,0,0,4,6,2791,0,1920,0,98003,47.3428,-121.550201,760,5083
114,20140822T000000,4278110,4,2.59,4259,9693,1.0,0,0,3,7,3021,1238,1915,0,98002,47.125599,-122.348333,4071,6996
115,20140823T000000,683499,3,3.41,3449,9921,1.5,0,1,4,8,2929,520,1919,0,98008,47.23049,-122.418031,3692,5852
116,20140824T000000,834931,2,1.49,2603,2283,1.0,0,0,3,7,1626,977,1942,0,98001,47.622739,-122.068384,1988,3512
117,20140825T000000,500620,3,2.7,865,8680,1.0,0,0,3,5,3036,0,1943,0,98002,47.327828,-121.671677,1630,6528
118,20140826T000000,403132,2,1.1,4075,11310,2.5,0,1,3,10,1560,2515,1946,0,98006,47.567766,-122.026579,4775,2263
119,20140827T000000,1555234,4,2.77,4699,8345,2.0,0,0,3,5,2177,2522,2013,0,98002,47.601819,-121.670713,854,6951
120,20140828T000000,1568257,5,4.37,4672,13744,1.0,0,0,3,10,2043,2629,1918,0,98003,47.50683,-121.770313,3274,3747
121,20140829T000000,1384193,2,2.34,4825,5386,2.0,0,0,4,7,3904,921,1947,0,98006,47.771088,-122.290572,1088,8280
122,20140830T000000,477692,2,1.14,2878,13028,1.0,0,0,3,12,896,1982,1995,0,98003,47.115008,-121.551118,1104,11974
123,20140831T000000,1884189,3,1.11,1705,1919,2.5,0,0,3,9,2843,0,1978,0,98002,47.617057,-122.439219,2728,2093
124,20140901T000000,323747,5,2.36,4339,13242,1.0,0,0,3,9,606,3733,1968,0,98003,47.771151,-121.60172,673,11978
125,20140902T000000,1003143,3,1.56,3235,3339,1.0,0,0,3,6,3407,0,1910,0,98008,47.70359,-122.195557,853,12007
126,20140903T000000,4075932,3,1.08,3847,9947,2.0,0,0,3,10,1453,2394,1978,0,98003,47.217525,-121.999852,3790,4763
127,20140904T000000,384691,2,3.65,2175,14946,2.0,0,0,5,10,3077,0,1928,0,98003,47.328774,-122.077648,933,8351
128,20140905T000000,439544,2,2.6,798,6930,2.0,0,0,2,9,2348,0,2013,0,98004,47.220716,-122.328165,3452,13227
129,20140906T000000,698595,6,2.01,1456,6402,1.0,0,0,3,8,3654,0,1944,0,98006,47.520916,-122.141853,758,14031
130,20140907T000000,491741,5,4.15,1614,6663,1.0,0,0,3,9,1433,181,1967,2005,98008,47.598532,-122.307066,1367,11515
131,20140908T000000,194566,1,1.41,3005,11061,1.5,0,0,3,4,787,2218,2012,0,98006,47.321952,-122.296114,3106,1232
132,20140909T000000,754221,5,4.35,1974,13664,1.0,0,0,3,9,1205,769,1935,0,98007,47.477655,-122.312943,4145,3101
133,20140910T000000,450390,4,2.1,4960,6275,2.5,0,0,3,10,2543,2417,1947,0,98006,47.583644,-122.010983,1095,13544
134,20140911T000000,1189135,4,4.11,4946,1507,1.0,0,0,3,8,1984,2962,1986,0,98007,47.394938,-121.702069,893,3028
135,20140912T000000,375818,3,3.11,4226,2436,1.5,0,0,3,6,714,3512,1914,0,98002,47.697811,-121.93103,4931,7233
136,20140913T000000,2366733,3,3.89,3971,11767,2.0,0,0,3,8,1804,2167,2009,0,98007,47.640085,-121.606793,2610,8926
137,20140914T000000,462824,3,4.44,3328,12618,1.0,0,0,3,9,3279,49,1943,0,98007,47.145266,-121.863456,4364,2929
138,20140915T000000,538585,4,2.01,3350,9750,2.0,0,0,5,6,2477,873,1966,0,98005,47.534788,-121.81066,4639,10650
139,20140916T000000,1239582,2,4.36,3006,8354,2.0,0,0,2,7,1982,1024,1995,0,98002,47.264728,-121.832393,2700,10840
140,20140917T000000,324408,2,2.36,4270,12294,1.0,0,0,3,7,2324,1946,1973,0,98006,47.490263,-122.050541,4497,9599
141,20140918T000000,1498545,3,2.35,3464,5516,2.5,1,0,3,10,843,2621,1939,0,98001,47.769822,-121.810661,4353,4340
142,20140919T000000,1449950,4,2.19,1449,14840,2.0,0,0,3,6,693,756,2001,0,98003,47.715343,-122.430292,4254,14980
143,20140920T000000,261454,3,2.89,3350,4622,1.0,0,0,5,9,657,2693,1985,0,98003,47.383161,-121.640149,4870,2977
144,20140921T000000,688066,4,1.54,665,5399,1.5,0,0,4,8,964,0,1913,0,98005,47.30406,-121.722188,3929,3413
145,20140922T000000,1009942,5,2.94,3986,6037,1.0,0,0,2,9,2651,1335,1962,0,98001,47.264084,-122.25477,713,9026
146,20140923T000000,1574093,2,2.9,3009,13249,2.0,0,0,3,12,2581,428,1980,0,98004,47.47276,-121.731968,2626,6418
147,20140924T000000,243249,4,3.67,1419,9111,2.0,0,0,3,6,3673,0,1984,0,98007,47.179974,-122.487357,638,7025
148,20140925T000000,226081,3,3.92,613,4715,2.0,0,0,3,7,3186,0,1950,2009,98008,47.484493,-122.282753,4693,14470
149,20140926T000000,1286235,4,2.54,4004,8837,3.0,0,0,3,10,2249,1755,2011,0,98002,47.100934,-122.434863,4460,5937
150,20140927T000000,761587,3,2.06,1491,2301,2.0,0,0,4,7,2872,0,1978,0,98004,47.326695,-121.719773,1163,14271
151,20140928T000000,917974,4,1.91,4339,8370,2.0,0,0,5,7,3238,1101,1957,0,98001,47.253954,-121.744126,3332,10952
152,20140929T000000,945836,4,1.68,1758,6185,1.0,0,0,5,10,1091,667,1914,0,98005,47.779853,-121.686364,1573,4597
153,20140930T000000,906975,5,1.2,3926,3155,2.0,1,0,4,12,2688,1238,1964,0,98001,47.60907,-122.495518,4522,2378
154,20141001T000000,795673,4,2.2,1014,7411,1.0,0,3,3,8,3021,0,1987,0,98005,47.344757,-121.998767,661,1620
155,20141002T000000,903065,3,1.95,3696,7365,2.0,0,0,3,7,1554,2142,1954,0,98004,47.164992,-121.795164,2000,1929
156,20141003T000000,516725,4,4.38,4934,14841,1.5,0,0,3,8,1383,3551,1975,0,98004,47.46176,-122.344599,3678,7544
157,20141004T000000,2646855,4,2.95,3084,1692,1.0,0,1,3,7,562,2522,1909,0,98008,47.249414,-121.850209,4990,8572
158,20141005T000000,890520,4,2.22,567,13542,1.0,0,0,3,9,1610,0,2009,0,98001,47.475501,-122.41589,685,6826
159,20141006T000000,334666,2,3.03,2096,2478,1.0,0,0,4,10,803,1293,2005,2010,98001,47.684754,-122.318674,2480,1974
160,20141007T000000,1501044,5,1.49,4978,7396,2.0,0,0,4,10,1584,3394,1941,2011,98007,47.531055,-122.024203,4488,13679
161,20141008T000000,252278,4,2.55,518,9448,1.5,0,0,4,5,895,0,1994,0,98003,47.543652,-121.846435,1329,13639
162,20141009T000000,1300908,4,3.19,3230,11622,2.0,0,0,4,8,833,2397,1910,0,98005,47.478721,-122.354131,4019,12045
163,20141010T000000,1687801,3,2.71,4021,1441,1.5,0,0,5,7,3333,688,1915,0,98003,47.749086,-122.314777,4011,2689
164,20141011T000000,355511,4,2.41,1072,11073,2.0,0,0,3,8,910,162,1972,0,98002,47.752332,-122.295554,3828,5671
165,20141012T000000,1595904,3,4.48,2758,3646,1.0,0,0,4,10,2831,0,2010,0,98002,47.458906,-122.261299,3848,14981
166,20141013T000000,963143,4,4.08,3402,6209,1.0,0,0,3,7,965,2437,1977,1990,98001,47.314032,-122.273446,2985,7920
167,20141014T000000,1277221,2,3.18,1150,13012,2.0,0,3,3,9,579,571,1918,0,98004,47.421711,-122.104851,1725,7776
168,20141015T000000,3110741,4,2.99,3087,7533,1.5,0,2,5,9,3331,0,1930,0,98002,47.230591,-121.84621,3344,14599
169,20141016T000000,773247,6,3.17,3762,5677,1.0,0,0,4,11,1600,2162,1972,0,98002,47.545441,-122.061968,3233,13810
170,20141017T000000,444641,2,1.7,1838,8211,1.0,0,0,3,10,2477,0,1999,0,98008,47.450065,-121.724026,4920,9917
171,20141018T000000,480475,6,2.38,4134,10927,1.0,0,0,2,10,1232,2902,1952,0,98003,47.17231,-121.780731,4496,9353
172,20141019T000000,441441,3,1.14,3327,12927,2.0,0,1,3,8,2317,1010,2002,0,98008,47.238353,-122.373473,3170,8784
173,20141020T000000,649383,5,2.66,2717,3645,1.0,0,0,3,7,2063,654,1989,0,98003,47.435742,-122.451158,1998,1658
174,20141021T000000,1010009,4,2.9,4039,9210,2.0,0,0,4,8,1884,2155,1907,0,98007,47.721312,-121.622058,2188,3897
175,20141022T000000,794670,4,1.8,1537,10316,2.0,0,0,3,8,2624,0,1923,0,98008,47.496474,-122.420169,2947,6668
176,20141023T000000,1589821,4,4.37,4883,13177,1.0,0,0,3,9,3056,1827,1907,0,98007,47.577075,-122.351661,1367,7225
177,20141024T000000,881313,5,4.18,4478,11846,3.0,0,0,3,9,1687,2791,1982,0,98002,47.33732,-122.477867,4812,13811
178,20141025T000000,2131750,3,3.53,3461,8933,2.0,0,0,2,8,3580,0,2010,0,98001,47.499988,-121.871664,3508,13291
179,20141026T000000,612082,3,2.87,3726,6476,2.0,0,0,2,7,1698,2028,1947,0,98003,47.413166,-121.917629,4024,3542
180,20141027T000000,4171259,4,4.04,1598,14853,2.0,0,0,4,7,3009,0,1929,0,98002,47.561391,-121.513096,2512,10770
181,20141028T000000,1195663,4,1.46,2824,8928,2.0,0,0,3,9,3878,0,1957,0,98004,47.135403,-121.613068,739,13186
182,20141029T000000,378796,4,3.77,1439,3080,2.0,0,0,3,9,2111,0,1985,0,98003,47.44531,-122.089157,547,10266
183,20141030T000000,404079,4,1.44,4216,7089,1.5,0,0,2,9,2792,1424,1954,0,98002,47.307195,-122.128414,4549,14572
184,20141031T000000,1112366,3,3.78,3914,8396,1.0,0,0,3,8,621,3293,1972,0,98007,47.32833,-122.203148,3957,4205
185,20141101T000000,549157,4,1.97,1948,10739,1.0,0,0,4,7,684,1264,1961,0,98008,47.772642,-122.347593,3779,5044
186,20141102T000000,1103482,2,4.07,1070,8797,1.0,0,0,3,9,531,539,2007,0,98005,47.227886,-122.361916,3728,14910
187,20141103T000000,1182243,4,4.3,3404,1861,1.0,0,0,4,10,1497,1907,1947,0,98003,47.317872,-122.367716,1748,4433
188,20141104T000000,699956,1,1.52,3005,9346,1.0,0,0,3,8,2486,519,1903,0,98005,47.456925,-122.385885,1667,7711
189,20141105T000000,378949,3,2.62,1417,4494,1.0,0,0,3,9,3309,0,1936,0,98003,47.704119,-122.259488,3990,8384
190,20141106T000000,242808,3,4.43,2374,1904,2.0,0,0,3,8,1068,1306,1907,0,98003,47.391669,-122.193331,2397,1877
191,20141107T000000,532983,3,2.69,2178,2269,2.5,0,0,3,9,2857,0,1900,0,98008,47.620706,-121.538421,4036,2091
192,20141108T000000,1287613,4,4.02,1115,1404,2.5,0,0,4,10,1895,0,1991,0,98007,47.699462,-121.921527,2679,4059
193,20141109T000000,857213,3,3.06,2249,10035,1.5,0,0,3,9,2179,70,1969,0,98006,47.317011,-121.512404,2470,8007
194,20141110T000000,340696,3,2.31,4325,10974,2.0,0,0,3,8,1329,2996,1946,0,98006,47.374925,-122.127533,3220,6262
195,20141111T000000,948217,3,2.0,4688,10756,2.5,0,0,3,8,2119,2569,1999,0,98005,47.349589,-122.042373,2881,8513
196,20141112T000000,1024315,3,1.71,2977,2184,1.5,0,0,3,9,3539,0,1974,0,98001,47.682999,-122.175421,2443,14865
197,20141113T000000,451483,3,3.67,4005,9938,1.0,0,0,4,9,1579,2426,1904,0,98002,47.131043,-122.317112,3646,2674
198,20141114T000000,885527,2,2.35,3975,2725,2.5,0,0,3,8,1290,2685,1949,0,98001,47.315895,-122.356835,3983,10800
199,20141115T000000,726696,4,2.79,1635,12380,2.0,0,0,3,9,3844,0,1923,0,98001,47.575586,-121.554921,4196,3826
200,20141116T000000,328628,4,2.72,4500,9462,1.5,0,0,5,6,3011,1489,1946,2002,98006,47.49581,-121.513189,3325,10409
201,20141117T000000,926809,4,3.02,874,14057,1.0,0,0,3,11,3225,0,1917,0,98002,47.405403,-122.455091,2327,4052
202,20141118T000000,1007594,3,4.03,706,6811,1.0,0,0,3,10,3526,0,1983,0,98006,47.477964,-122.349654,722,14978
203,20141119T000000,1432151,3,4.43,1819,6606,2.0,0,0,3,8,3217,0,1927,0,98008,47.238309,-122.076476,2246,1313
204,20141120T000000,1388827,4,2.43,1641,4956,2.0,0,0,3,8,3820,0,1976,0,98008,47.401502,-122.313667,1029,9921
205,20141121T000000,252574,3,3.9,3190,1171,1.0,0,0,3,6,3245,0,1904,1996,98006,47.451192,-122.13612,633,13231
206,20141122T000000,359268,3,3.68,3755,9465,1.0,0,0,3,6,1493,2262,1929,0,98007,47.730832,-122.370904,4303,1383
207,20141123T000000,811133,2,3.01,589,3306,2.0,0,0,3,7,577,12,1900,0,98006,47.282585,-122.043488,4986,6884
208,20141124T000000,1262947,3,4.35,4608,10350,2.0,0,0,5,9,3081,1527,1985,0,98004,47.70748,-122.228305,601,2812
209,20141125T000000,1232095,3,1.7,3520,10898,1.0,0,0,3,10,607,2913,1981,0,98001,47.550969,-122.148095,4223,3324
210,20141126T000000,10425797,3,1.38,2357,10963,2.5,0,0,3,8,1796,561,1945,0,98007,47.114239,-122.405687,3228,14383
211,20141127T000000,961021,4,3.99,1304,1421,1.0,0,0,3,8,3311,0,1968,0,98007,47.607242,-122.071872,3045,6248
212,20141128T000000,1439071,4,2.54,1444,6540,1.0,0,0,4,8,2562,0,1930,0,98001,47.124886,-121.516742,3058,4429
213,20141129T000000,1393795,4,3.96,3289,10401,2.0,0,0,3,7,869,2420,1969,0,98007,47.798167,-122.171167,3541,11937
214,20141130T000000,1149111,4,4.13,4375,5675,1.0,0,0,3,6,3875,500,1990,0,98001,47.710846,-121.623571,2500,14836
215,20141201T000000,584240,4,1.22,2110,10082,2.0,0,0,3,9,2752,0,1955,0,98004,47.308141,-121.656801,1448,11056
216,20141202T000000,1525861,4,4.09,3423,14009,2.0,0,0,3,11,2504,919,1988,0,98003,47.280188,-121.547942,2068,4291
217,20141203T000000,478485,5,2.57,4382,12459,2.0,0,0,4,8,3684,698,1992,0,98007,47.367009,-121.70989,2553,8173
218,20141204T000000,697359,1,2.79,3721,14168,1.0,0,0,3,9,2203,1518,1927,0,98005,47.349317,-121.840403,3505,5846
219,20141205T000000,703257,3,3.19,4891,14409,1.0,0,0,3,11,3412,1479,1915,0,98005,47.360636,-121.643416,693,14270
220,20141206T000000,688898,1,4.24,2887,7748,1.0,0,0,3,6,3824,0,1953,0,98004,47.322794,-122.424355,1241,7767
221,20141207T000000,3664027,4,1.07,1441,7103,2.0,0,0,3,10,940,501,1952,0,98001,47.534793,-122.037169,4406,1227
222,20141208T000000,217054,5,2.67,3066,2473,2.0,0,1,4,9,3757,0,1911,0,98005,47.214985,-121.510744,3459,7073
223,20141209T000000,1111976,3,3.41,1475,4243,2.0,0,0,3,9,3406,0,1919,0,98004,47.692187,-121.7304,2763,11256
224,20141210T000000,199474,5,3.53,1454,13670,2.0,0,0,3,7,726,728,1981,0,98006,47.668682,-121.537925,3920,6704
225,20141211T000000,507387,2,3.42,1762,3181,2.5,0,0,3,9,3075,0,1933,0,98002,47.433538,-121.720366,3423,9203
226,20141212T000000,1553860,5,1.47,1443,10641,2.0,0,0,3,10,2901,0,1952,2005,98005,47.696911,-121.625118,3754,8765
227,20141213T000000,671373,3,2.05,2702,4096,1.0,0,0,3,6,1122,1580,1963,0,98008,47.273002,-121.79347,3739,2522
228,20141214T000000,368996,2,2.26,3827,7646,1.0,0,0,3,8,1524,2303,1922,0,98002,47.112296,-121.739498,4365,1691
229,20141215T000000,454518,3,3.82,4774,12448,2.0,0,0,3,6,2076,2698,2008,0,98008,47.533446,-121.976822,537,12897
230,20141216T000000,1297491,3,1.98,2759,12348,1.0,0,0,3,10,3474,0,1926,0,98001,47.420537,-121.575762,2198,2739
231,20141217T000000,423369,3,1.74,2328,10782,1.0,0,0,3,8,3991,0,2012,0,98005,47.497015,-121.674961,4526,2525
232,20141218T000000,863673,3,4.35,1757,6882,2.0,0,0,2,10,2143,0,1916,0,98004,47.729538,-121.656115,3713,1069
233,20141219T000000,643950,4,1.03,964,13431,2.0,0,0,4,8,1684,0,1947,0,98003,47.778948,-121.826991,2283,7251
234,20141220T000000,467886,4,4.49,3794,6982,1.0,0,0,4,7,660,3134,1920,0,98005,47.544117,-122.19542,2466,11440
235,20141221T000000,2654661,3,3.37,1730,13173,2.0,0,0,3,6,1370,360,1949,0,98005,47.634839,-122.46437,602,4123
236,20141222T000000,1099377,4,3.9,3154,6798,2.0,0,0,3,7,3699,0,1939,0,98005,47.158666,-121.564345,541,14860
237,20141223T000000,148734,4,2.03,1384,10627,1.5,0,0,3,7,2245,0,1994,0,98005,47.212501,-121.91388,3494,5724
238,20141224T000000,923056,3,1.05,4305,9415,1.0,0,0,4,8,1674,2631,1902,0,98008,47.613243,-122.201857,3718,12522
239,20141225T000000,425299,3,3.58,4356,9411,1.0,0,0,4,5,943,3413,1916,0,98004,47.401956,-122.350865,3490,8649
240,20141226T000000,1410579,2,3.92,3635,13466,2.0,0,0,4,8,2290,1345,1960,0,98004,47.412176,-121.670477,4788,2287
241,20141227T000000,382584,3,3.59,1424,10846,2.0,0,1,4,8,1994,0,1949,0,98008,47.316025,-121.66348,3869,14193
242,20141228T000000,738123,4,1.5,2046,13720,2.5,0,4,3,9,962,1084,1989,0,98003,47.525149,-121.685492,1561,9767
243,20141229T000000,996314,3,3.64,1594,9456,2.0,0,0,4,9,3601,0,1986,0,98004,47.229616,-121.854917,3049,11364
244,20141230T000000,1416628,4,3.69,2911,10145,1.0,0,0,3,9,972,1939,1905,0,98004,47.538841,-122.133985,2176,5954
245,20141231T000000,394209,4,3.3,3117,5524,1.0,0,0,3,12,3104,13,1927,0,98001,47.221659,-122.19593,4189,1744
246,20150101T000000,479398,2,3.68,1262,12925,2.0,0,0,3,7,579,683,1971,0,98007,47.144678,-122.491445,4497,11719
247,20150102T000000,523526,4,3.96,2823,7559,1.0,0,0,4,8,1562,1261,1954,0,98001,47.33125,-121.666392,825,7275
248,20150103T000000,527885,3,3.15,4645,8620,1.0,0,0,4,8,739,3906,1957,0,98007,47.261798,-122.412567,1620,12265
249,20150104T000000,2727917,5,1.31,3275,3774,1.5,0,2,3,8,1056,2219,1944,0,98002,47.722294,-121.869245,607,13402
250,20150105T000000,1092441,3,2.71,3655,6673,1.0,0,0,3,9,1089,2566,1971,0,98003,47.138467,-121.995925,3178,5576
251,20150106T000000,339554,4,1.27,4470,4124,1.0,0,0,4,8,1860,2610,1918,0,98007,47.22363,-121.973311,834,6076
252,20150107T000000,1363696,4,2.43,2540,9671,1.5,0,0,3,8,2384,156,2001,0,98001,47.484104,-121.573287,2539,10216
253,20150108T000000,2779737,2,2.42,1083,12706,1.0,0,0,3,8,2475,0,1928,0,98003,47.436747,-122.468385,1303,14888
254,20150109T000000,2224406,4,1.23,4831,2353,1.0,0,0,3,13,1803,3028,1922,0,98003,47.132096,-121.726608,2348,1941
255,20150110T000000,291384,5,2.22,2603,12514,2.0,0,0,3,11,1639,964,2010,0,98005,47.105077,-122.447948,1266,6050
256,20150111T000000,475010,4,1.39,2442,13070,2.0,0,0,3,7,2816,0,1931,0,98006,47.791648,-122.461846,4027,14948
257,20150112T000000,1824408,4,3.83,4955,10081,1.0,0,0,3,6,2439,2516,1909,1997,98006,47.561184,-122.070182,2806,1767
258,20150113T000000,411168,5,4.32,609,4854,2.0,0,0,4,10,834,0,1990,0,98006,47.355784,-122.436925,3329,3438
259,20150114T000000,1064751,3,1.25,691,9134,1.0,0,0,3,13,811,0,1948,0,98003,47.429303,-121.710856,1988,10025
260,20150115T000000,1054335,3,4.34,1403,1924,2.0,0,0,4,7,1576,0,1964,0,98005,47.286585,-121.970437,4629,11382
261,20150116T000000,339665,4,2.83,1361,3170,2.5,0,0,3,8,3639,0,2002,0,98002,47.341412,-122.470961,4066,9819
262,20150117T000000,737969,3,2.05,1583,11094,2.0,0,0,3,11,3241,0,1928,0,98002,47.554331,-122.459499,2873,1376
263,20150118T000000,69388,4,1.27,1149,6506,2.0,0,0,3,9,533,616,1958,0,98006,47.717968,-121.887331,1336,13078
264,20150119T000000,383296,5,2.75,4634,14650,1.0,0,0,3,7,2341,2293,1944,0,98002,47.228891,-121.693888,3809,1089
265,20150120T000000,712109,3,3.78,4111,14065,1.0,0,0,4,9,885,3226,1966,0,98005,47.688253,-122.0622,4112,12047
266,20150121T000000,309507,3,3.47,1136,3395,2.5,0,0,3,11,748,388,1950,0,98006,47.18509,-121.945419,3291,14308
267,20150122T000000,2304995,4,1.18,1536,9220,1.0,0,0,3,10,1634,0,2010,0,98007,47.250495,-121.700171,4712,10257
268,20150123T000000,324903,3,1.26,4631,9226,1.0,0,0,3,9,3665,966,2000,0,98007,47.126023,-121.889494,4483,7066
269,20150124T000000,561355,4,2.41,2648,12781,2.0,0,0,4,9,1933,715,1994,0,98005,47.198568,-122.27524,4268,10250
270,20150125T000000,841693,3,2.03,4365,6515,2.0,0,0,3,7,1702,2663,1910,0,98008,47.742112,-121.886948,2004,12251
271,20150126T000000,2381087,4,1.81,3657,3670,2.5,0,0,1,10,3618,39,1985,2007,98002,47.421607,-121.871721,2950,14805
272,20150127T000000,277661,2,1.98,4087,4365,1.0,0,0,3,7,1293,2794,1981,0,98006,47.154366,-121.765893,3544,13264
273,20150128T000000,2082901,4,3.81,3794,1588,2.5,0,0,4,11,1351,2443,1998,2013,98007,47.771809,-121.879126,2533,11792
274,20150129T000000,863255,3,4.25,4761,12410,1.0,0,1,3,8,3421,1340,1905,0,98005,47.715295,-121.530758,2199,13411
275,20150130T000000,412714,4,2.42,2930,4138,1.0,0,0,3,10,875,2055,1966,0,98004,47.628278,-122.302712,2780,11296
276,20150131T000000,919397,2,4.17,2379,10095,2.0,0,0,3,7,1223,1156,1961,0,98007,47.753431,-121.548909,1807,12045
277,20150201T000000,941908,4,2.13,4466,7663,1.0,0,0,3,8,2110,2356,1904,0,98004,47.254091,-121.961661,3027,6575
278,20150202T000000,504391,4,2.67,4213,5086,1.0,0,3,3,6,2413,1800,1908,0,98005,47.685459,-121.828044,4338,3655
279,20150203T000000,921322,3,1.79,4626,11361,2.0,0,0,3,9,701,3925,1927,2000,98005,47.582994,-122.400538,1475,2515
280,20150204T000000,708805,2,3.24,4606,9531,1.0,0,0,3,10,2992,1614,1982,0,98001,47.708831,-122.119424,2556,4017
281,20150205T000000,817830,2,4.43,2511,5270,1.0,0,0,3,9,2442,69,1991,0,98007,47.657838,-121.730621,2926,14654
282,20150206T000000,1291491,4,3.11,3873,7019,1.0,0,1,3,8,2844,1029,1990,0,98001,47.342547,-121.793089,4174,8811
283,20150207T000000,1941453,4,2.25,2643,10906,1.5,0,0,3,6,1831,812,1976,0,98003,47.642079,-122.459861,2928,8343
284,20150208T000000,363368,4,3.27,3000,13884,1.5,0,0,4,11,992,2008,1937,0,98007,47.283719,-121.953406,4233,13339
285,20150209T000000,3152501,3,1.43,1789,13738,2.0,0,0,5,9,837,952,1942,0,98006,47.330015,-122.411722,859,2573
286,20150210T000000,182629,3,4.11,1947,1556,2.0,0,0,3,9,2468,0,1920,0,98003,47.175534,-121.504144,2723,6597
287,20150211T000000,783478,4,2.76,3699,14447,1.5,0,0,4,10,3470,229,1990,0,98003,47.754554,-121.602703,984,11728
288,20150212T000000,1130656,3,2.57,2443,9022,2.0,0,0,3,9,2365,78,1961,0,98002,47.303702,-122.478919,1928,4926
289,20150213T000000,947429,6,3.05,3683,12279,1.0,0,0,4,8,3637,46,1945,0,98004,47.464436,-121.64135,2580,11244
290,20150214T000000,534349,2,3.19,3716,6452,1.0,0,0,3,9,1291,2425,1969,0,98002,47.373933,-121.58057,1195,4796
291,20150215T000000,707816,4,1.25,3636,12458,2.0,0,0,3,9,3993,0,1937,0,98006,47.77195,-122.146452,701,9823
292,20150216T000000,619752,3,3.39,3818,4567,1.0,0,0,3,10,2016,1802,1948,0,98005,47.334534,-121.780498,4357,11053
293,20150217T000000,558312,3,1.85,3282,11248,3.0,0,0,4,10,2522,760,1974,0,98001,47.644982,-122.057896,1698,13144
294,20150218T000000,1057308,4,3.5,1490,4899,1.5,0,0,3,6,3509,0,2010,0,98006,47.698791,-121.844768,1767,2232
295,20150219T000000,1022435,4,3.88,2653,7477,2.0,0,4,3,8,2864,0,2004,0,98005,47.404925,-122.159683,3470,3264
296,20150220T000000,312891,6,3.81,725,8500,1.5,0,0,3,5,1441,0,1980,0,98006,47.36472,-122.177441,573,3047
297,20150221T000000,1066833,2,2.93,1276,2016,1.5,0,0,3,6,3173,0,1938,0,98005,47.623422,-122.075566,595,1535
298,20150222T000000,996380,2,2.82,3337,7470,1.0,0,0,3,9,2622,715,1970,0,98007,47.739027,-122.354432,4768,8884
299,20150223T000000,1249241,4,1.5,1187,3062,2.0,0,0,3,10,3486,0,1929,0,98001,47.628452,-121.668861,3977,12725
300,20150224T000000,862216,4,3.71,1029,10030,2.0,0,0,3,6,558,471,1920,0,98005,47.258988,-122.151302,2702,7881
301,20150225T000000,441849,3,1.95,3942,10829,2.5,0,0,4,8,2933,1009,1900,0,98003,47.721815,-122.09985,757,14017
302,20150226T000000,571253,2,2.74,2653,5321,1.0,0,0,3,11,2562,91,1988,0,98006,47.371307,-121.605945,4158,8378
303,20150227T000000,1258195,2,1.99,1794,4496,1.0,0,0,3,10,1754,40,1931,0,98001,47.503361,-122.003376,4925,4097
304,20150228T000000,1044610,5,1.47,2026,2813,1.0,0,0,3,8,2746,0,1907,0,98005,47.682005,-121.955746,3306,10467
305,20150301T000000,900642,3,3.2,3396,12671,2.0,0,3,3,10,1877,1519,1968,0,98003,47.231876,-121.543502,4756,4073
306,20150302T000000,838580,3,1.19,3603,7256,2.5,0,0,4,8,534,3069,1929,2010,98003,47.649157,-121.613274,685,2025
307,20150303T000000,1880998,3,3.62,2940,10643,1.0,0,4,4,7,661,2279,2014,0,98007,47.517314,-122.330533,642,3051
308,20150304T000000,568742,3,2.11,4635,3313,2.0,0,4,3,7,3529,1106,1907,0,98004,47.725339,-122.026785,3853,14808
309,20150305T000000,1133116,2,1.0,4302,10706,1.0,0,0,5,7,3346,956,2012,0,98003,47.220379,-121.528704,1139,4621
310,20150306T000000,558544,3,2.79,1344,2231,2.0,0,0,4,8,1394,0,1918,0,98002,47.394478,-122.127634,4249,5563
311,20150307T000000,629274,2,1.16,946,10837,2.5,0,0,5,11,970,0,2007,0,98001,47.68299,-122.128427,2574,9392
312,20150308T000000,1972132,4,1.97,4415,6831,1.0,0,0,3,10,3078,1337,1958,0,98001,47.113462,-122.30497,4468,5403
313,20150309T000000,1380681,3,3.47,3609,3999,1.5,0,0,3,8,3339,270,1954,1982,98008,47.178541,-122.385677,701,4323
314,20150310T000000,1265925,4,1.22,1734,4440,3.0,0,3,3,8,3399,0,1929,0,98001,47.793396,-121.759695,3592,4358
315,20150311T000000,1440086,5,3.94,726,5056,2.5,0,0,3,7,1946,0,1978,0,98005,47.296276,-121.72997,3665,7141
316,20150312T000000,892137,4,1.01,4643,1305,2.0,0,0,3,9,847,3796,1935,1992,98006,47.78288,-121.530987,3579,6017
317,20150313T000000,1374808,4,1.86,3459,12728,2.0,0,0,4,10,1193,2266,1954,0,98005,47.227772,-121.726582,2602,7435
318,20150314T000000,532339,3,3.59,2330,10915,1.0,0,0,2,7,1434,896,1943,0,98002,47.352766,-122.256648,1410,8321
319,20150315T000000,901941,3,2.11,4279,2689,2.0,0,0,3,6,1412,2867,1926,0,98008,47.627009,-122.459883,2071,3971
320,20150316T000000,588110,4,1.36,686,10709,2.0,0,0,3,9,646,40,1976,0,98006,47.560445,-121.514563,3948,14170
321,20150317T000000,816930,6,2.26,3377,14679,2.0,0,0,3,8,3945,0,1977,0,98007,47.506786,-122.159549,2659,9777
322,20150318T000000,1130793,4,1.95,3035,4917,1.0,0,0,3,8,2211,824,2000,0,98003,47.470929,-122.188028,4825,4345
323,20150319T000000,421696,4,3.95,2432,8080,1.0,0,0,4,9,1174,1258,1953,0,98008,47.690408,-121.594045,3044,13046
324,20150320T000000,3303772,4,2.1,3424,9611,1.0,0,0,3,8,1939,1485,1947,0,98005,47.264464,-121.9149,1829,6816
325,20150321T000000,300621,3,3.76,1348,3936,1.0,0,0,4,7,3234,0,1929,0,98006,47.40973,-122.285129,4113,5604
326,20150322T000000,304462,2,4.12,2532,4862,1.0,0,0,5,8,2017,515,1938,0,98003,47.208817,-121.610904,960,4424
327,20150323T000000,1513423,4,2.52,1752,13421,1.5,0,0,3,8,1779,0,2010,0,98006,47.517159,-121.506639,1306,5100
328,20150324T000000,1359874,5,4.18,2381,10642,1.0,0,0,5,10,3507,0,1912,0,98003,47.275381,-122.413321,4199,9551
329,20150325T000000,1159250,3,2.32,769,12288,1.0,0,0,2,12,1185,0,1915,0,98006,47.333689,-121.637748,2773,12861
330,20150326T000000,1252713,4,4.37,2130,6649,2.0,0,0,3,11,1626,504,1943,0,98005,47.429876,-122.109484,558,13501
331,20150327T000000,890338,3,1.31,4905,4261,1.0,0,0,3,9,620,4285,1970,0,98008,47.118739,-121.975928,2975,4477
332,20150328T000000,442359,4,3.4,3703,10356,1.0,0,0,3,9,2966,737,2011,0,98005,47.164357,-121.585184,1655,14747
333,20150329T000000,763692,2,2.73,2074,11061,1.0,0,0,4,9,2897,0,1926,0,98002,47.58015,-121.526621,997,8182
334,20150330T000000,554622,3,2.36,3392,2819,1.0,0,0,2,11,541,2851,1944,0,98007,47.400279,-122.237836,4825,8440
335,20150331T000000,1293537,4,3.21,2195,11897,2.0,0,0,3,7,3938,0,1934,0,98007,47.705353,-122.287149,4928,5658
336,20150401T000000,726030,3,3.46,3758,12707,1.0,0,1,3,8,528,3230,1978,0,98004,47.58627,-122.419483,4476,3812
337,20150402T000000,463224,4,1.02,3762,2342,2.0,0,0,3,9,1465,2297,1927,0,98001,47.105671,-121.938202,2107,1044
338,20150403T000000,576300,4,1.58,1945,6560,2.5,0,0,3,9,2415,0,1998,0,98005,47.531699,-122.486396,1220,11942
339,20150404T000000,764918,5,3.5,719,3226,2.0,0,0,4,7,3332,0,1906,0,98005,47.165607,-122.088102,1774,1633
340,20150405T000000,428067,3,3.33,552,2079,2.0,0,0,3,9,2500,0,1961,0,98003,47.646653,-122.426616,4367,14723
341,20150406T000000,450432,3,4.38,2257,14466,2.5,0,1,3,10,2561,0,2013,0,98004,47.794055,-122.094774,1190,10402
342,20150407T000000,825966,2,3.66,2166,14983,2.0,0,0,3,8,1419,747,2009,0,98007,47.471839,-122.460068,4523,10941
343,20150408T000000,1105878,6,4.33,3285,5206,1.0,0,4,3,10,1317,1968,2013,0,98005,47.577946,-121.664783,4652,7804
344,20150409T000000,447713,5,3.46,1219,7280,1.0,0,0,3,8,3372,0,1950,0,98006,47.26612,-122.290261,3937,12433
345,20150410T000000,521776,4,2.04,905,13755,2.5,0,0,4,11,2008,0,1945,0,98007,47.406318,-122.171691,2855,3768
346,20150411T000000,853796,4,1.37,2794,11971,1.0,0,0,3,8,1712,1082,1919,0,98004,47.699267,-121.629952,1249,9785
347,20150412T000000,231699,4,3.74,571,11720,1.0,0,0,3,9,1371,0,1995,0,98001,47.217196,-121.753734,3551,10616
348,20150413T000000,221125,4,3.25,2553,8235,2.0,0,0,2,5,794,1759,1937,1987,98006,47.285875,-122.280962,4064,8875
349,20150414T000000,381189,2,1.17,1729,1813,2.0,0,0,3,7,3754,0,1960,0,98003,47.411804,-122.428101,2204,2926
350,20150415T000000,628193,4,2.26,2067,14560,1.0,0,0,3,9,1363,704,2003,1999,98002,47.598574,-121.784326,3945,1856
351,20150416T000000,1001346,2,4.35,4182,6089,2.0,0,0,3,8,3095,1087,1931,0,98006,47.363119,-122.109297,4944,6988
352,20150417T000000,2144879,4,2.75,3453,3031,1.0,0,0,3,8,3608,0,1925,0,98008,47.749413,-121.73392,2877,9743
353,20150418T000000,1379088,4,2.51,4982,9514,2.0,0,0,4,6,3555,1427,1957,0,98007,47.16612,-122.054705,3731,8847
354,20150419T000000,950212,4,2.6,1198,12161,1.0,1,0,3,10,1537,0,1938,0,98008,47.359563,-122.153998,2715,5138
355,20150420T000000,705788,2,1.73,1326,10095,1.0,0,0,3,10,3182,0,1919,0,98001,47.596268,-122.048795,1385,12080
356,20150421T000000,289588,3,2.29,848,10733,2.0,0,0,3,7,1094,0,1981,0,98006,47.258191,-121.751441,1364,5274
357,20150422T000000,855075,3,2.29,4408,6911,1.5,0,0,3,9,1682,2726,1949,0,98004,47.559489,-121.59778,3994,10672
358,20150423T000000,560931,3,1.18,807,12695,2.0,0,0,4,10,2017,0,1978,0,98004,47.214952,-122.450233,3554,1606
359,20150424T000000,1048912,2,3.69,3916,3653,1.5,0,0,3,9,1852,2064,1951,0,98001,47.139186,-121.975888,1285,9863
360,20150425T000000,387489,5,2.46,2834,11668,1.0,0,0,3,7,1113,1721,1985,0,98007,47.184711,-122.467165,956,12507
361,20150426T000000,1158487,4,3.88,3309,4340,2.0,0,0,3,9,2372,937,2014,0,98004,47.750989,-122.03159,844,6022
362,20150427T000000,2200244,3,3.98,4058,8876,1.0,0,0,4,7,3654,404,1921,0,98006,47.486226,-121.614717,1053,1016
363,20150428T000000,1117951,3,1.74,4978,13435,1.0,1,0,3,7,2103,2875,1952,0,98002,47.657442,-122.13841,1287,14423
364,20150429T000000,997413,3,3.3,3977,2141,1.0,0,0,3,7,2083,1894,1984,0,98006,47.332858,-121.56755,2319,6734
365,20150430T000000,1218250,4,2.65,3186,10041,2.0,0,0,3,8,2092,1094,1965,2000,98002,47.514861,-121.869392,1204,3873
366,20150501T000000,516619,3,4.08,3485,9558,2.5,0,0,3,6,3593,0,2003,1986,98004,47.446466,-121.565845,1452,8765
367,20150502T000000,838435,5,1.76,775,3897,3.0,0,0,3,11,1655,0,1942,0,98006,47.762017,-121.742833,1314,11786
368,20150503T000000,751367,3,3.37,3047,10281,1.5,0,0,3,8,964,2083,1981,0,98004,47.623302,-122.396565,2048,6149
369,20150504T000000,760321,6,3.13,3264,5041,1.0,0,0,4,7,1979,1285,1922,0,98007,47.61138,-122.268849,643,6311
370,20150505T000000,359885,4,2.03,836,3038,1.5,0,0,3,8,3873,0,1976,0,98002,47.132447,-122.10583,3277,3484
371,20150506T000000,682095,3,1.48,2473,12052,2.0,0,0,2,7,3502,0,1963,0,98007,47.484769,-122.329893,4266,7322
372,20150507T000000,1092865,5,3.28,3479,5270,1.0,0,0,4,8,3477,2,2004,0,98004,47.426894,-122.005088,4325,9807
373,20150508T000000,2264049,2,3.59,4468,11046,3.0,0,0,3,8,1790,2678,1908,0,98005,47.74949,-122.028632,1716,7777
374,20150509T000000,1206331,4,2.1,1410,5683,1.0,0,0,5,7,3346,0,2012,0,98003,47.280139,-121.543741,2307,4205
375,20150510T000000,3090315,3,3.26,2496,1494,3.0,0,1,3,7,2942,0,1906,0,98006,47.288883,-122.066272,4970,12041
376,20150511T000000,452802,5,2.38,3629,8116,2.0,0,0,3,8,3691,0,1940,0,98005,47.387942,-121.714373,3239,5407
377,20150512T000000,1279660,4,3.5,4704,14425,2.0,0,0,3,5,2793,1911,1953,0,98007,47.270359,-121.558089,1789,4807
378,20150513T000000,1028284,4,1.7,4257,12374,1.0,0,0,3,10,1067,3190,1964,0,98008,47.190429,-121.623011,1055,11264
379,20150514T000000,3000180,4,4.12,827,2784,1.0,0,0,3,9,537,290,1901,1996,98004,47.70019,-122.291332,1362,9716
380,20150515T000000,417979,3,2.01,2299,4510,1.0,0,0,4,9,744,1555,1903,0,98004,47.490794,-122.00397,2985,4173
381,20150516T000000,368513,2,2.29,814,4786,1.0,0,3,5,8,520,294,1977,0,98003,47.702954,-122.15226,2855,2473
382,20150517T000000,554044,3,1.2,4045,6266,1.0,0,0,3,9,1633,2412,1931,0,98004,47.681794,-122.100141,1465,11617
383,20150518T000000,175979,3,1.39,1634,13322,2.0,0,0,3,11,2129,0,1999,0,98003,47.29743,-122.139193,2895,14175
384,20150519T000000,401581,4,2.81,3246,10190,1.5,0,0,3,4,893,2353,1901,0,98006,47.483416,-121.673641,975,12466
385,20150520T000000,358439,3,1.94,2020,6428,2.0,0,0,4,6,1933,87,2003,0,98002,47.158252,-122.047861,1838,4338
386,20150521T000000,703504,6,3.92,655,7681,2.0,0,4,3,7,1486,0,2013,0,98003,47.740676,-121.976306,1024,11199
387,20150522T000000,838982,4,1.05,2224,7893,1.0,0,0,1,7,2171,53,2014,0,98003,47.382984,-121.517553,3071,5557
388,20150523T000000,2767072,4,2.33,3843,14325,3.0,0,0,3,7,2555,1288,1963,0,98005,47.375573,-122.440021,1061,3412
389,20150524T000000,1326656,2,2.18,1386,13661,1.0,0,0,3,9,2875,0,1913,0,98004,47.311929,-122.012042,4202,3151
390,20150525T000000,514157,4,1.07,3573,10643,1.5,0,0,5,8,2410,1163,1919,0,98006,47.422465,-121.725938,1705,4182
391,20150526T000000,519927,5,1.44,3305,10943,1.5,0,0,3,13,789,2516,1988,0,98002,47.276232,-122.348838,4533,9619
392,20150527T000000,854733,3,2.45,1221,11472,2.0,0,0,3,7,2286,0,2005,0,98001,47.362397,-121.888468,4347,9162
393,20150528T000000,243091,4,2.73,1412,13992,1.0,0,0,3,7,3058,0,1948,0,98007,47.659963,-122.260535,4701,5564
394,20150529T000000,3470232,4,2.42,3857,5658,1.5,0,0,3,12,1411,2446,1907,0,98003,47.683979,-121.632596,2738,2014
395,20150530T000000,1692648,3,2.86,1370,8082,2.0,0,1,2,10,860,510,1991,0,98001,47.312928,-122.1729,1660,2604
396,20150531T000000,599298,3,3.08,4608,12126,1.0,0,0,3,8,2122,2486,1962,0,98004,47.42831,-122.170937,4325,1869
397,20150601T000000,188543,3,1.03,997,7869,2.0,0,0,3,8,3263,0,1945,0,98007,47.711674,-121.901806,571,7913
398,20150602T000000,2995359,2,2.62,2256,12926,2.5,1,0,3,10,718,1538,1920,0,98003,47.136871,-122.316437,1254,3727
399,20150603T000000,612356,3,4.37,1617,8607,3.0,0,0,3,8,2953,0,1986,0,98008,47.722401,-122.215111,4352,3852
400,20150604T000000,1772650,2,2.82,3909,8669,1.0,0,0,3,7,2515,1394,1931,0,98008,47.253429,-122.083368,1404,10077
401,20150605T000000,275360,2,3.37,3328,12538,1.0,0,0,4,10,2540,788,1907,0,98001,47.574977,-122.146362,551,3608
402,20150606T000000,456388,2,2.09,2147,11065,1.0,0,0,3,8,2544,0,1994,0,98005,47.507786,-121.975123,3121,2273
403,20150607T000000,730156,5,3.71,3483,7219,1.0,0,0,3,7,3300,183,2000,2003,98001,47.487059,-121.90036,3690,8649
404,20150608T000000,623639,4,3.71,642,5534,1.0,0,0,3,8,3470,0,1915,0,98007,47.701552,-121.933333,4448,13618
405,20150609T000000,550089,5,2.82,3261,12995,1.0,0,0,3,8,1331,1930,1939,0,98005,47.171101,-121.845832,1787,2955
406,20150610T000000,1372749,3,4.42,3935,6979,3.0,0,0,1,10,2293,1642,2005,0,98007,47.34292,-122.19225,2272,9778
407,20150611T000000,327998,3,1.44,2931,11171,2.5,0,0,4,7,2291,640,1926,0,98002,47.476777,-122.373574,4402,9392
408,20150612T000000,711802,3,1.06,2348,9890,1.0,0,0,3,10,3341,0,2003,0,98004,47.667902,-121.739192,4420,5549
409,20150613T000000,841882,3,3.7,3196,2312,1.0,0,1,3,8,1743,1453,2004,0,98008,47.25151,-121.64922,1449,12809
410,20150614T000000,993281,2,3.83,2217,3962,1.5,0,0,4,8,1094,1123,1917,0,98006,47.662051,-122.242994,3638,10017
411,20150615T000000,1197110,4,1.42,3572,14851,1.0,0,0,3,7,2654,918,1934,0,98001,47.379747,-122.092908,2916,9302
412,20150616T000000,318490,3,1.93,1567,3938,2.0,0,0,4,9,1080,487,2012,0,98003,47.23224,-122.001431,2779,9100
413,20150617T000000,302227,4,1.06,3286,13979,2.0,0,0,3,11,3156,130,1951,0,98007,47.631291,-121.966673,1925,3911
414,20150618T000000,1981839,4,2.03,4291,11492,2.5,0,0,4,8,2247,2044,1914,0,98007,47.163629,-121.84051,2084,13091
415,20150619T000000,839525,2,3.71,1788,4197,2.0,0,2,4,7,3857,0,1962,0,98004,47.460337,-122.458397,1546,10099
416,20150620T000000,496493,2,2.81,4371,6296,2.0,0,1,5,8,2555,1816,1952,1981,98001,47.144713,-121.778523,2665,6868
417,20150621T000000,2318240,4,2.22,2306,8204,2.0,0,0,4,10,3353,0,1990,0,98003,47.349492,-122.438029,4523,6663
418,20150622T000000,574737,3,2.3,2004,6730,1.0,0,0,4,4,2736,0,1980,0,98003,47.520754,-122.031711,1676,14520
419,20150623T000000,1905582,2,1.0,3808,14921,2.0,0,0,3,9,580,3228,2003,0,98007,47.489281,-121.672329,2660,12907
420,20150624T000000,849197,6,2.05,3451,1126,1.5,0,0,3,9,2655,796,1965,0,98006,47.383259,-122.048785,1531,12881
421,20150625T000000,2416310,2,3.26,571,6602,1.0,0,0,3,7,1844,0,2012,0,98007,47.400334,-122.35091,3788,1554
422,20150626T000000,2385305,4,4.41,2190,2191,1.0,0,0,3,8,2102,88,2013,0,98006,47.258739,-121.514966,1815,11095
423,20150627T000000,533078,6,3.96,1844,3639,1.0,0,0,5,7,3233,0,1930,1999,98007,47.419118,-121.610715,1392,9298
424,20150628T000000,1727868,3,1.08,3803,13581,2.5,0,0,3,10,845,2958,1960,0,98007,47.767278,-121.728686,606,4336
425,20150629T000000,1287635,2,4.14,3613,13108,1.0,0,0,4,9,2386,1227,1963,0,98003,47.695317,-122.088488,3580,7369
426,20150630T000000,1824064,2,3.74,1382,2366,1.0,0,3,4,8,2875,0,2000,0,98006,47.201663,-122.316154,1244,3534
427,20150701T000000,429034,3,3.73,4734,10211,1.0,0,0,3,8,1054,3680,2004,0,98003,47.120847,-121.558589,1121,3226
428,20150702T000000,1148404,2,2.6,3162,7453,2.0,0,0,3,7,801,2361,2004,0,98001,47.753467,-121.967649,4740,4293
429,20150703T000000,1723012,4,2.39,2004,7671,1.0,0,3,3,10,699,1305,1997,1985,98007,47.468725,-121.647645,1320,10585
430,20150704T000000,215007,2,2.06,2963,7683,3.0,0,0,3,8,3440,0,1933,0,98002,47.476486,-122.157905,911,11876
431,20150705T000000,326544,3,1.23,3053,13271,2.5,0,0,3,8,3990,0,2014,0,98006,47.646503,-122.164712,613,12027
432,20150706T000000,153409,6,1.8,1232,13706,2.0,0,0,5,8,1562,0,1954,0,98005,47.320282,-121.51446,2946,1166
433,20150707T000000,577661,4,1.86,2248,5539,2.0,0,0,4,8,806,1442,1958,0,98008,47.437335,-121.978167,3846,11902
434,20150708T000000,1273428,4,2.69,4424,9876,1.0,0,0,3,7,3575,849,1902,0,98005,47.778064,-122.359305,4719,4624
435,20150709T000000,1672760,3,3.62,923,12821,1.0,0,0,1,7,2156,0,1916,0,98005,47.570504,-122.280325,585,3347
436,20150710T000000,744957,4,2.66,3978,3887,2.0,0,0,3,6,2371,1607,1977,0,98002,47.207622,-122.018056,4642,2404
437,20150711T000000,2279412,4,1.2,2091,10654,1.0,0,0,3,9,3648,0,1977,0,98003,47.193259,-122.457529,2072,7178
438,20150712T000000,306007,3,4.35,4985,5086,1.0,0,0,3,7,3015,1970,1945,0,98003,47.242985,-122.037466,2505,10717
439,20150713T000000,228474,2,4.3,4937,3261,2.0,0,0,3,6,2726,2211,1937,0,98008,47.636698,-122.081059,4579,13601
440,20150714T000000,668692,5,3.75,992,5180,1.0,0,0,3,10,3192,0,1934,0,98008,47.306764,-121.720664,1303,14103
441,20150715T000000,747205,3,4.47,691,3841,2.5,0,0,3,7,2346,0,1900,0,98004,47.114972,-122.145058,3834,14030
442,20150716T000000,650287,3,2.91,998,10959,1.0,0,0,4,9,2264,0,2011,0,98008,47.760922,-121.517451,3849,3774
443,20150717T000000,157014,3,4.37,1756,13372,2.0,0,0,3,8,775,981,1928,0,98005,47.218799,-122.31923,1569,10017
444,20150718T000000,625891,3,1.26,2468,7040,2.0,0,0,2,7,1675,793,1903,0,98005,47.106691,-121.909013,3169,10316
445,20150719T000000,364204,4,2.28,4822,4560,2.0,0,3,1,8,3735,1087,1960,0,98003,47.265992,-122.410301,4641,9760
446,20150720T000000,962172,4,1.79,2686,11304,1.0,0,0,3,5,3861,0,1996,0,98005,47.26452,-121.766136,3271,14526
447,20150721T000000,923397,4,1.69,1316,14957,2.0,0,0,3,10,1901,0,1916,0,98003,47.395404,-121.505246,4682,11150
448,20150722T000000,403440,1,1.49,3720,5758,2.5,0,0,3,8,3168,552,1927,0,98007,47.744273,-121.680861,1908,4739
449,20150723T000000,448533,3,3.18,1973,1626,1.5,0,0,3,7,1137,836,1949,0,98007,47.715429,-121.944296,4240,11301
450,20150724T000000,297496,3,3.73,1586,13351,1.0,0,0,3,7,2275,0,1989,0,98003,47.419826,-122.015259,764,9018
451,20150725T000000,797093,1,3.02,4699,12606,2.0,0,0,3,8,3881,818,1907,0,98006,47.38763,-121.66497,4348,5464
452,20150726T000000,1294166,3,1.51,2374,6014,2.0,0,0,3,7,1429,945,1933,0,98003,47.488506,-121.564026,3593,14679
453,20150727T000000,306405,4,3.84,1370,2375,1.5,0,0,2,7,3960,0,1958,0,98001,47.270418,-121.510793,1973,8741
454,20150728T000000,1012315,2,3.23,2542,2181,2.5,0,0,3,8,2380,162,1917,0,98001,47.136529,-122.103461,4781,13381
455,20150729T000000,472879,4,2.36,772,6708,1.0,0,0,4,10,682,90,1994,0,98001,47.757457,-121.509083,825,8636
456,20150730T000000,376932,3,3.36,1529,1490,1.5,0,0,4,8,2344,0,1958,0,98001,47.230689,-122.344074,1706,9020
457,20150731T000000,763440,1,1.91,3718,4729,2.0,0,0,3,9,3877,0,1926,0,98002,47.238881,-122.24645,4992,14746
458,20150801T000000,456706,3,2.21,4569,6974,2.0,0,1,3,10,571,3998,1915,2000,98004,47.430722,-122.410984,2004,8288
459,20150802T000000,419145,6,4.21,1551,4534,2.5,0,0,3,7,3790,0,1909,0,98004,47.444129,-122.228261,4034,5094
460,20150803T000000,400166,4,2.02,4533,4296,3.0,0,0,5,10,3266,1267,2003,0,98003,47.112904,-121.732062,1940,3930
461,20150804T000000,2879175,5,2.64,2073,2940,1.5,0,0,3,9,3744,0,1975,0,98007,47.203568,-121.647076,1455,1763
462,20150805T000000,875804,3,4.12,3690,13600,1.0,0,4,3,8,2176,1514,1921,0,98005,47.364708,-121.721107,1054,14721
463,20150806T000000,697868,2,3.48,4888,6014,1.0,0,4,3,12,1795,3093,1915,0,98001,47.578611,-121.868934,3754,12552
464,20150807T000000,1365394,4,1.22,4297,2882,2.0,1,1,3,7,3273,1024,1911,0,98004,47.259893,-121.986033,4639,4450
465,20150808T000000,685940,3,1.52,3789,5908,2.5,0,0,3,7,2816,973,1974,0,98004,47.39611,-121.791296,2536,11339
466,20150809T000000,775754,4,1.03,4247,3987,1.0,0,0,3,10,1543,2704,1983,0,98001,47.490142,-122.109166,1786,4395
467,20150810T000000,1102589,2,3.21,2605,6585,1.0,0,0,3,8,3125,0,1950,0,98007,47.722015,-121.658692,1697,13616
468,20150811T000000,1039827,3,2.57,807,4159,1.0,0,0,4,8,3542,0,1900,0,98002,47.328249,-121.82281,2767,4719
469,20150812T000000,511988,2,1.47,3859,14614,2.0,0,0,2,7,1314,2545,1926,0,98002,47.193491,-121.802195,4129,5801
470,20150813T000000,550400,3,4.35,3676,13967,1.0,0,0,3,9,2026,1650,1966,2011,98008,47.442491,-121.964064,3965,9412
471,20150814T000000,611625,4,2.85,1751,5530,1.5,0,0,3,10,2694,0,1911,0,98004,47.622705,-121.614771,1271,2861
472,20150815T000000,150162,3,1.85,3247,1681,2.0,0,0,3,8,3736,0,1929,0,98008,47.176902,-122.247985,2956,11806
473,20150816T000000,275805,3,2.75,2017,6254,2.0,0,0,3,11,3437,0,1908,0,98002,47.397278,-122.118852,970,14283
474,20150817T000000,1660442,3,3.38,1878,2073,2.0,0,0,4,7,809,1069,1952,0,98006,47.11245,-121.722357,1870,10213
475,20150818T000000,2117994,3,1.27,2461,14743,2.0,0,0,3,7,3065,0,1960,0,98001,47.123491,-122.007251,3632,1109
476,20150819T000000,748003,4,1.96,4805,3387,1.0,0,0,4,9,2561,2244,1953,0,98007,47.438067,-121.610786,1171,13436
477,20150820T000000,1201271,5,3.82,3363,11586,2.0,0,0,3,9,631,2732,1936,0,98004,47.308738,-122.153601,1674,7549
478,20150821T000000,879451,5,2.61,3156,3693,2.0,0,0,3,7,2377,779,1964,0,98001,47.691575,-122.13067,610,13040
479,20150822T000000,5653674,4,2.91,2994,10562,3.0,0,0,4,6,3302,0,1941,1996,98002,47.521508,-121.611264,4059,9890
480,20150823T000000,2011521,3,2.51,4505,13936,1.0,0,0,3,10,2986,1519,1948,0,98001,47.417753,-122.03563,1526,6529
481,20150824T000000,893159,4,1.15,4063,5340,1.0,0,0,3,12,3290,773,1903,0,98002,47.385555,-121.983875,4054,9299
482,20150825T000000,352283,3,1.58,1422,3156,1.0,0,0,2,9,1239,183,1963,0,98007,47.448072,-122.167236,3733,9580
483,20150826T000000,257613,3,2.56,4732,8966,1.0,0,0,3,7,1294,3438,1978,2007,98002,47.128307,-122.22333,4939,9616
484,20150827T000000,1385575,4,1.73,4962,3580,2.0,0,4,3,13,2810,2152,1950,0,98001,47.724955,-121.844051,1972,3494
485,20150828T000000,529783,2,1.17,3459,8257,1.0,0,0,3,11,3190,269,1990,0,98007,47.798812,-122.380159,2879,12157
486,20150829T000000,225111,5,3.95,683,13583,1.5,0,0,3,8,3796,0,1971,0,98002,47.227041,-121.620727,3471,14379
487,20150830T000000,558814,3,4.43,3858,3159,1.0,0,0,2,10,757,3101,1959,0,98008,47.184268,-121.720797,2881,11895
488,20150831T000000,354799,4,3.78,1898,14900,1.0,0,0,3,10,1757,141,1986,0,98006,47.200504,-122.309252,3790,11191
489,20150901T000000,2891486,4,3.99,3296,12440,1.5,0,0,4,11,3907,0,1978,0,98003,47.562719,-121.80598,2333,8732
490,20150902T000000,1301120,5,1.85,1036,12923,1.0,0,0,4,10,2956,0,1990,0,98001,47.563009,-121.897367,953,6759
491,20150903T000000,702523,4,4.36,1773,13021,1.0,0,0,3,9,2351,0,1930,0,98003,47.693547,-122.315465,1240,12767
492,20150904T000000,2350969,4,1.69,3467,7772,2.0,0,1,4,9,1474,1993,2002,0,98001,47.626278,-122.226796,2880,2527
493,20150905T000000,859789,2,4.33,3549,2627,2.0,0,2,3,8,1547,2002,2010,0,98002,47.414783,-122.091013,2857,13245
494,20150906T000000,382351,3,4.48,1596,12664,1.0,0,0,4,9,770,826,1971,0,98002,47.528999,-121.800757,1943,3026
495,20150907T000000,2181311,2,3.49,1805,9219,3.0,0,0,3,10,1618,187,1993,0,98007,47.581799,-121.861277,4180,11560
496,20150908T000000,1249742,4,4.43,1415,8080,2.0,0,3,3,12,641,774,1957,0,98004,47.458916,-121.967765,2248,11958
497,20150909T000000,375976,3,2.99,3581,2985,2.0,0,0,4,8,1401,2180,2005,1987,98006,47.432956,-121.731589,2901,2855
498,20150910T000000,778511,4,1.91,4747,14848,1.0,0,0,3,9,3521,1226,1981,0,98008,47.551568,-121.742062,3671,9638
499,20150911T000000,530581,2,2.53,1528,13345,1.0,1,0,3,8,3652,0,1903,0,98004,47.490232,-121.882141,4740,2597
500,20150912T000000,286693,2,3.08,2477,10713,1.0,0,0,4,9,773,1704,2010,0,98003,47.55076,-121.71301,2506,9401
501,20150913T000000,1601964,4,1.26,3854,9488,1.0,0,0,4,9,2823,1031,2006,0,98002,47.528998,-122.165737,2286,1848
502,20150914T000000,2332669,2,3.18,3011,3181,1.5,0,0,5,5,964,2047,1921,0,98004,47.603438,-121.61875,1909,6958
503,20150915T000000,229139,2,4.43,770,12594,2.5,0,0,3,8,1731,0,1902,0,98002,47.549962,-121.88509,2262,14875
504,20150916T000000,942812,1,1.67,1686,3296,1.5,0,3,3,6,1819,0,1978,0,98001,47.46382,-121.677636,1409,10843
505,20150917T000000,442535,5,3.77,4700,8164,1.0,0,0,2,5,3610,1090,1998,0,98004,47.577258,-121.953721,1260,11108
506,20150918T000000,642265,4,4.18,4264,3597,2.0,0,0,3,10,787,3477,1946,0,98003,47.414637,-122.281562,3740,4529
507,20150919T000000,456790,3,4.3,2898,1901,1.0,0,0,3,7,3695,0,1937,0,98007,47.26917,-121.95759,3189,2918
508,20150920T000000,457155,3,4.36,4735,7060,2.0,0,0,3,8,1375,3360,1932,0,98004,47.100993,-122.128888,1030,9768
509,20150921T000000,768594,3,2.83,4682,10290,2.0,0,0,3,6,2492,2190,1977,0,98002,47.491975,-121.802501,1859,6761
510,20150922T000000,366320,4,4.42,2211,2677,2.0,0,0,3,7,3854,0,1947,0,98005,47.513459,-122.024206,4318,1688
511,20150923T000000,926260,4,3.65,2730,3881,3.0,0,0,4,9,3425,0,1964,0,98005,47.780434,-121.663887,2527,9981
512,20150924T000000,587545,3,1.57,628,14479,1.0,0,0,5,8,2727,0,2012,0,98007,47.353035,-121.821927,3060,14279
513,20150925T000000,629130,3,2.67,1769,14058,2.0,0,0,4,10,1620,149,1925,0,98007,47.375893,-121.815456,2677,7306
514,20150926T000000,425405,2,3.51,4172,6622,2.5,0,0,4,8,1714,2458,1907,0,98006,47.24126,-122.282845,2037,6072
515,20150927T000000,433800,4,1.87,2101,9052,2.0,0,0,3,7,3645,0,1949,0,98007,47.149374,-121.51575,1773,2355
516,20150928T000000,1401324,4,3.24,4470,2378,1.5,0,0,5,8,946,3524,1979,0,98002,47.640963,-121.658325,3281,2687
517,20150929T000000,1257190,3,3.33,4744,2248,2.5,0,0,3,9,3332,1412,1937,0,98008,47.274777,-121.710995,1446,9541
518,20150930T000000,318096,2,1.57,1127,12927,1.0,0,0,4,8,3108,0,1909,0,98001,47.526233,-122.169785,1798,11909
519,20151001T000000,1019355,2,2.98,4297,6650,2.5,0,0,4,11,3031,1266,1941,0,98004,47.581441,-121.964368,3011,12731
520,20151002T000000,1274450,5,3.7,2544,13433,1.0,0,0,4,9,3396,0,1936,0,98007,47.429866,-122.362897,2688,13713
521,20151003T000000,266503,3,2.75,4052,7079,2.0,0,3,3,8,1221,2831,1925,0,98005,47.713446,-121.961524,1381,13614
522,20151004T000000,1194837,4,1.04,2841,10456,2.5,0,0,3,10,2663,178,1991,0,98001,47.410656,-122.354111,2347,10321
523,20151005T000000,571861,4,1.03,3714,11099,1.0,0,0,3,11,3082,632,1911,0,98008,47.299436,-121.946962,2475,5350
524,20151006T000000,915027,3,2.25,749,8036,1.5,0,0,3,8,3669,0,1983,0,98002,47.727211,-121.851278,4768,7501
525,20151007T000000,422323,3,4.24,3425,7487,1.0,0,0,3,7,1851,1574,1948,0,98001,47.703095,-122.109804,3464,7086
526,20151008T000000,194298,2,1.8,1474,2058,3.0,0,0,3,9,906,568,1913,0,98002,47.214828,-122.001455,3563,13731
527,20151009T000000,215257,4,3.22,1825,11941,2.0,0,0,3,8,3884,0,1945,0,98008,47.118173,-121.624347,3628,5208
528,20151010T000000,827506,4,1.78,1483,3048,2.0,0,0,3,12,2225,0,1934,0,98008,47.16299,-122.391437,997,14341
529,20151011T000000,775536,4,2.13,1388,7115,2.0,0,0,3,8,1193,195,1928,2006,98006,47.300583,-121.708267,2716,7667
530,20151012T000000,358639,4,3.97,3437,5248,2.0,0,0,3,6,3719,0,1911,0,98004,47.780582,-122.329245,1488,13976
531,20151013T000000,1381157,2,3.55,2617,3476,1.0,0,0,3,12,3913,0,1981,0,98001,47.490961,-122.463292,3108,1990
532,20151014T000000,260596,5,1.33,3172,13208,1.5,0,0,3,10,994,2178,1943,0,98008,47.361283,-122.314425,2975,11065
533,20151015T000000,607098,4,2.5,1826,5603,2.0,0,0,3,7,1447,379,1965,0,98004,47.722101,-121.734957,1870,13333
534,20151016T000000,311300,3,1.1,970,12389,1.0,0,0,4,11,522,448,1901,0,98001,47.417195,-122.094874,4088,6290
535,20151017T000000,450615,6,2.68,2487,13778,1.0,0,0,3,8,1628,859,1958,0,98002,47.320667,-121.627479,3002,14044
536,20151018T000000,620836,4,3.32,590,4553,1.0,0,0,3,8,2198,0,1916,0,98008,47.758854,-121.975292,678,2376
537,20151019T000000,400355,4,1.41,1029,13632,1.0,0,0,3,11,1057,0,1909,0,98002,47.694662,-122.47775,2429,10418
538,20151020T000000,630870,4,2.01,4559,10953,2.5,0,0,3,8,2116,2443,1917,0,98001,47.690568,-121.783286,3048,14537
539,20151021T000000,1437055,4,2.39,3273,1220,1.5,0,0,3,7,1440,1833,1921,0,98006,47.458599,-122.389767,611,8247
540,20151022T000000,511012,4,4.22,2186,5818,2.0,0,4,3,8,1745,441,1982,0,98002,47.652607,-121.71062,3719,8202
541,20151023T000000,1154656,2,4.48,691,8192,1.0,0,0,3,9,3402,0,1957,0,98003,47.225547,-122.331897,1214,9755
542,20151024T000000,311637,3,1.16,2486,5623,1.0,0,1,3,7,3586,0,1952,0,98003,47.501256,-122.154554,1901,7304
543,20151025T000000,1224256,5,3.66,4123,8349,1.0,0,0,3,9,3438,685,1900,0,98004,47.788692,-121.738729,3424,3887
544,20151026T000000,2257521,3,2.3,2685,6618,2.0,0,3,3,9,2156,529,1987,0,98007,47.303671,-121.545769,1881,7681
545,20151027T000000,150851,3,2.37,4940,12080,2.0,0,0,3,8,577,4363,1960,0,98003,47.656047,-122.128566,3627,8613
546,20151028T000000,398058,3,3.64,1508,10856,2.5,0,0,3,9,1845,0,1999,0,98003,47.443335,-121.6706,3511,2340
547,20151029T000000,1360340,3,4.21,4283,8209,2.0,0,0,3,10,1306,2977,1988,0,98006,47.127864,-122.309208,1708,12929
548,20151030T000000,734130,4,4.33,4798,13178,2.0,0,0,2,8,3812,986,1999,0,98006,47.634114,-121.69282,3625,8972
549,20151031T000000,1088919,5,3.02,4787,5576,2.0,0,0,2,8,1541,3246,1930,0,98007,47.217998,-121.842506,536,10629
550,20151101T000000,440632,3,2.25,2552,12169,2.5,0,0,4,7,1267,1285,1930,0,98005,47.542031,-122.307256,2328,1094
551,20151102T000000,883450,2,3.76,3808,2871,2.0,0,0,2,9,953,2855,1965,0,98007,47.159965,-122.197496,3560,4296
552,20151103T000000,691732,3,1.88,2216,8915,1.0,0,0,3,10,3475,0,1918,0,98005,47.762807,-122.368229,3841,6898
553,20151104T000000,1393434,5,2.97,810,2462,2.0,0,0,4,8,2824,0,1952,0,98006,47.304207,-122.117033,4441,10140
554,20151105T000000,801686,4,2.26,1760,6521,2.0,0,0,3,8,1947,0,1975,0,98005,47.258525,-122.296351,1309,13840
555,20151106T000000,1563924,3,3.3,4432,9536,2.0,1,0,3,8,1999,2433,1973,0,98006,47.190395,-121.856002,3572,3692
556,20151107T000000,589843,4,1.84,3768,9236,1.0,0,0,5,8,1550,2218,1994,0,98005,47.762202,-121.505495,4618,5161
557,20151108T000000,425445,4,1.67,1084,8813,2.5,0,0,4,7,3061,0,2008,0,98002,47.598333,-122.487991,2026,9126
558,20151109T000000,620562,4,4.21,3299,3068,3.0,0,0,3,10,2388,911,1921,0,98006,47.619163,-121.95908,4019,4281
559,20151110T000000,842805,5,1.36,859,6753,1.0,0,4,4,7,3011,0,1922,0,98007,47.449583,-121.926333,995,2497
560,20151111T000000,600706,3,2.77,3366,8237,2.5,0,0,4,9,3354,12,1986,0,98004,47.432309,-121.585791,924,13952
561,20151112T000000,868898,4,1.77,2511,8016,1.0,0,0,3,8,3371,0,1914,0,98004,47.177015,-121.993995,3247,11923
562,20151113T000000,3719297,3,1.14,4506,7191,1.0,0,0,4,9,862,3644,1925,0,98006,47.491889,-121.956299,2565,8053
563,20151114T000000,1191957,4,1.13,2125,2514,1.0,0,0,3,7,3954,0,1902,0,98003,47.272842,-122.028347,2482,7714
564,20151115T000000,637095,4,1.61,3264,3598,1.0,0,0,3,9,3298,0,1986,0,98008,47.784002,-122.231096,1968,11935
565,20151116T000000,1413180,4,4.03,1390,2001,2.0,0,0,5,7,1024,366,1919,0,98004,47.657607,-122.443971,4300,8657
566,20151117T000000,428421,4,1.99,1231,2033,1.0,0,0,4,6,3953,0,2008,0,98007,47.389094,-122.091342,1733,13467
567,20151118T000000,197367,3,4.33,4461,11232,1.0,0,0,3,8,3755,706,1939,0,98003,47.205939,-122.447409,2297,12073
568,20151119T000000,385620,4,3.04,3004,7899,1.0,0,0,2,9,1717,1287,1938,2009,98004,47.649732,-121.949508,1064,9003
569,20151120T000000,151718,6,2.53,1114,9465,1.0,0,0,3,6,1985,0,1971,2003,98008,47.185438,-122.192706,3519,8691
570,20151121T000000,562592,5,3.03,4306,6051,1.0,0,0,3,6,2603,1703,1917,0,98001,47.232534,-121.966398,1804,14770
571,20151122T000000,783310,2,2.81,2219,11839,2.0,0,0,3,10,1753,466,1940,0,98001,47.248064,-122.365703,632,9106
572,20151123T000000,2480460,2,3.66,2087,10971,1.0,0,0,5,10,3036,0,1969,0,98006,47.489823,-121.56737,948,1201
573,20151124T000000,815403,2,1.99,2111,5476,2.5,0,0,4,7,3599,0,1926,0,98008,47.65094,-121.605479,2330,2498
574,20151125T000000,590682,4,2.24,1396,14640,2.0,0,0,3,9,2355,0,1999,0,98007,47.32002,-122.310003,2658,14829
575,20151126T000000,1092009,4,4.13,777,1478,1.0,0,0,3,8,1221,0,1914,0,98007,47.159269,-122.156556,4126,4086
576,20151127T000000,155001,3,4.31,2136,1515,2.5,0,0,3,9,2483,0,1936,0,98004,47.425177,-121.886507,1349,12305
577,20151128T000000,946315,3,4.12,2658,13478,1.0,0,0,3,10,1707,951,1957,0,98002,47.623677,-122.404314,4462,3590
578,20151129T000000,1114244,4,2.47,2932,2191,1.0,0,0,3,6,1948,984,1904,0,98003,47.255165,-122.145432,1980,8125
579,20151130T000000,325826,4,3.73,4404,11860,1.0,0,0,3,10,1898,2506,2002,0,98008,47.253947,-122.248888,1400,8860
580,20151201T000000,1747878,4,2.67,3762,14448,1.0,0,0,3,8,2588,1174,1972,0,98004,47.763059,-121.584483,2039,6408
581,20151202T000000,857964,4,2.74,1949,7297,2.0,0,0,3,8,2007,0,1906,0,98006,47.767908,-121.647489,2399,2948
582,20151203T000000,526934,3,1.72,1732,10603,2.0,0,0,3,9,1503,229,1940,0,98008,47.793326,-121.920167,3444,12796
583,20151204T000000,1520353,3,3.07,4617,12472,1.0,0,0,3,11,2807,1810,1983,0,98003,47.665362,-121.979654,3744,4963
584,20151205T000000,2753066,4,1.65,1177,1271,2.0,0,0,3,6,2988,0,1909,0,98005,47.231729,-121.569274,1014,1693
585,20151206T000000,706799,4,2.16,3158,9334,1.0,0,0,3,5,1425,1733,1961,0,98006,47.248387,-121.567572,2091,10911
586,20151207T000000,798183,5,3.99,2528,8778,2.0,0,0,3,7,1355,1173,1925,0,98004,47.338158,-121.53067,583,6363
587,20151208T000000,722686,4,1.72,4258,7008,1.0,0,0,3,12,583,3675,1967,1999,98002,47.322693,-122.374621,4242,13125
588,20151209T000000,417957,4,1.25,2537,8987,1.0,0,0,3,9,2593,0,2001,0,98008,47.769569,-122.339442,2627,12924
589,20151210T000000,1409973,2,1.24,3149,14380,1.0,0,0,4,9,2987,162,1923,0,98005,47.652352,-121.823263,2101,6887
590,20151211T000000,310037,3,4.29,1156,4332,1.0,0,0,3,6,2042,0,1977,0,98006,47.606806,-121.958566,1722,11851
591,20151212T000000,709604,1,2.77,665,1787,2.0,0,0,3,10,1485,0,1940,1993,98004,47.230174,-122.481534,4829,8734
592,20151213T000000,755303,3,2.43,1089,7222,2.0,1,0,3,10,2368,0,1964,0,98001,47.736668,-122.438025,2342,10913
593,20151214T000000,1116177,4,3.84,3321,10873,1.0,0,0,3,9,635,2686,1916,0,98007,47.679509,-121.61192,2791,6717
594,20151215T000000,1066968,6,3.93,4758,1622,2.0,0,0,3,8,1706,3052,2008,0,98004,47.214549,-121.631129,2089,6293
595,20151216T000000,1223772,2,2.16,1762,4841,2.0,0,0,5,6,2232,0,1923,2009,98001,47.709819,-122.142729,3396,5051
596,20151217T000000,443701,3,3.43,571,4676,2.5,0,0,4,9,1695,0,1926,0,98001,47.290573,-121.608949,4988,14845
597,20151218T000000,694584,4,3.7,4016,3572,1.0,0,0,5,9,1408,2608,1906,0,98006,47.156609,-121.906325,508,14820
598,20151219T000000,358918,3,3.29,4080,7915,1.5,0,0,3,6,3408,672,1972,0,98004,47.559776,-121.694094,1214,3291
599,20151220T000000,477068,4,1.53,768,6033,2.5,0,0,3,9,3335,0,2006,0,98007,47.557663,-122.072569,2427,13391
600,20151221T000000,862396,4,4.07,2276,8788,2.0,0,0,3,7,1089,1187,1998,0,98004,47.166452,-122.386602,609,3698
601,20151222T000000,1318760,4,2.89,2962,12452,1.0,0,0,3,9,2451,511,1911,0,98001,47.323196,-122.066273,765,12566
602,20151223T000000,352373,3,1.99,1768,6214,1.0,0,0,3,8,1455,313,1984,0,98003,47.79497,-122.0427,3723,14982
603,20151224T000000,1130787,3,2.49,1515,5712,1.0,0,0,3,7,3237,0,1902,0,98005,47.574899,-121.949056,1454,10202
604,20151225T000000,1948957,4,1.13,3222,14319,2.0,0,0,4,8,3086,136,1978,0,98002,47.611053,-122.394417,1849,2041
605,20151226T000000,883389,4,1.45,1583,1066,2.0,0,0,3,8,1643,0,1984,1994,98004,47.249042,-121.508598,2074,2557
606,20151227T000000,2904015,1,3.68,4601,13478,1.0,0,0,3,7,3852,749,1909,0,98005,47.155147,-122.255863,2723,2207
607,20151228T000000,401215,4,1.0,906,8533,2.0,0,0,4,10,1831,0,1932,0,98005,47.293831,-122.301448,4331,10872
608,20151229T000000,268230,2,2.46,3576,5616,2.0,0,0,4,5,3255,321,1945,0,98008,47.274229,-121.973197,3755,4621
609,20151230T000000,177660,4,2.83,1485,14277,2.0,0,0,3,7,3848,0,1958,0,98003,47.264181,-121.962792,1558,4352
610,20151231T000000,1898888,3,1.19,4103,2140,2.0,0,0,4,5,2053,2050,1951,0,98005,47.234928,-122.060179,2457,8455
611,20160101T000000,1190142,5,4.41,4985,11506,2.0,0,0,4,6,2842,2143,1905,0,98004,47.502329,-121.728108,3647,2678
612,20160102T000000,575938,3,1.79,1209,6730,1.0,0,0,3,7,2306,0,1901,0,98006,47.329672,-121.983346,3019,12788
613,20160103T000000,803525,3,2.06,3118,11724,2.5,0,0,3,6,2600,518,1928,0,98006,47.674242,-121.890305,4153,11937
614,20160104T000000,325374,2,2.06,1911,12772,1.0,0,0,1,9,1305,606,1939,0,98008,47.228763,-121.776254,3070,12737
615,20160105T000000,3366283,3,1.81,1985,8465,1.0,0,0,3,6,1955,30,1996,0,98005,47.425239,-122.474975,3427,12185
616,20160106T000000,886167,5,1.01,3450,10379,1.0,0,0,3,9,551,2899,1960,2002,98004,47.10956,-121.929356,4387,9972
617,20160107T000000,733139,6,3.55,3434,5471,1.0,0,0,5,6,3275,159,1967,0,98004,47.437178,-121.615806,1387,7752
618,20160108T000000,1227811,3,4.38,4614,13940,1.0,0,0,4,6,571,4043,1967,0,98001,47.139087,-122.482611,1244,1945
619,20160109T000000,862845,3,1.79,1503,4339,1.0,0,0,4,7,527,976,1928,0,98003,47.784406,-122.094818,4014,4428
620,20160110T000000,1014669,4,3.32,2966,1548,2.0,0,0,5,11,968,1998,2000,0,98007,47.653414,-121.573773,3430,8973
621,20160111T000000,448797,5,3.6,2966,14385,1.0,0,0,4,9,1263,1703,1961,0,98002,47.443078,-122.146846,3179,8168
622,20160112T000000,1097008,4,3.97,2438,8675,2.0,0,0,3,10,3433,0,1959,0,98007,47.160611,-122.041271,675,12290
623,20160113T000000,2501655,3,2.48,2439,13279,1.0,0,0,3,7,3459,0,1983,0,98008,47.514712,-121.518459,1065,9739
624,20160114T000000,1969497,3,2.06,2135,9264,2.5,0,0,3,10,3094,0,1940,0,98001,47.631135,-122.300676,3717,11399
625,20160115T000000,1643866,4,2.14,2198,1198,2.0,0,0,3,4,1924,274,1986,0,98002,47.233502,-122.434745,4857,3984
626,20160116T000000,475367,1,3.49,2591,12393,1.0,0,0,3,7,2748,0,2008,0,98007,47.497746,-121.640577,1894,3590
627,20160117T000000,373959,4,3.86,2395,10973,2.0,0,0,3,9,1319,1076,1981,0,98004,47.669948,-121.631535,1720,11366
628,20160118T000000,772893,3,1.64,4740,1571,2.0,0,0,4,8,1989,2751,2012,0,98006,47.637773,-122.027922,1447,2797
629,20160119T000000,1012392,4,2.3,3898,1790,2.0,0,0,3,12,2175,1723,1988,0,98001,47.662094,-121.985793,1084,11072
630,20160120T000000,1177703,2,4.16,1573,10830,2.0,0,0,4,5,1059,514,1964,0,98007,47.715526,-121.664194,3362,12248
631,20160121T000000,288467,4,3.82,2902,11023,2.0,0,0,3,13,878,2024,1963,0,98008,47.756377,-121.761441,2120,6043
632,20160122T000000,2412062,3,4.45,3712,11047,2.0,0,0,3,9,2418,1294,1978,0,98005,47.383865,-122.234851,3855,3257
633,20160123T000000,741522,4,3.64,4537,14798,1.5,0,0,1,8,3748,789,1962,0,98008,47.498138,-122.483107,2849,3197
634,20160124T000000,438148,2,2.38,1651,2174,1.0,0,0,4,6,1575,76,1997,0,98008,47.653462,-122.0203,3691,9222
635,20160125T000000,342089,4,3.07,2945,12932,2.0,0,0,2,7,578,2367,1947,0,98008,47.587998,-121.641088,3707,9803
636,20160126T000000,259543,4,3.31,2456,12469,1.0,0,0,3,11,1908,548,1919,0,98005,47.796864,-121.604165,3076,5397
637,20160127T000000,1456701,4,1.27,4407,1178,1.5,0,0,2,8,1333,3074,1936,2007,98002,47.109574,-121.543774,1031,12202
638,20160128T000000,716600,4,2.91,1307,3244,1.0,0,0,3,9,1531,0,1963,0,98004,47.348593,-121.620437,1731,3912
639,20160129T000000,317538,4,3.48,686,5086,1.5,0,0,3,13,3785,0,1990,0,98006,47.29672,-121.919956,2493,12994
640,20160130T000000,256926,4,1.59,1807,1734,3.0,0,0,3,7,2572,0,1985,0,98002,47.283621,-122.055394,2197,12004
641,20160131T000000,611571,3,3.73,2784,7232,1.0,0,0,3,9,949,1835,2014,0,98007,47.255771,-121.72515,3870,9874
642,20160201T000000,2167069,4,3.04,1257,1798,1.0,0,0,3,9,3315,0,1904,0,98007,47.596387,-121.760178,2045,9448
643,20160202T000000,658302,3,4.33,4731,8601,2.0,0,0,3,7,3302,1429,1933,0,98006,47.159332,-121.961857,3665,10131
644,20160203T000000,268743,2,1.15,4354,9979,2.0,0,0,3,7,2492,1862,1938,0,98007,47.619126,-122.412673,1937,7152
645,20160204T000000,726337,2,1.93,4766,3795,1.5,0,1,3,8,1984,2782,1966,0,98003,47.585398,-121.573919,870,8172
646,20160205T000000,599195,3,3.11,2706,13496,1.0,0,0,3,8,2745,0,1980,0,98006,47.275563,-122.044397,1116,3894
647,20160206T000000,128117,4,2.04,4058,5588,2.5,0,0,3,9,3665,393,1961,0,98005,47.276984,-122.136666,4666,4185
648,20160207T000000,589057,4,3.5,2080,8297,2.0,0,0,3,6,2242,0,1987,2006,98007,47.540202,-121.870433,4514,9968
649,20160208T000000,712561,4,3.66,1461,4084,1.0,0,2,3,12,2470,0,1923,0,98007,47.63352,-121.826162,4679,3732
650,20160209T000000,1098111,3,1.36,4347,14945,1.0,0,0,3,5,2984,1363,1902,0,98001,47.71354,-122.289312,2756,9923
651,20160210T000000,4658377,3,2.8,4075,12110,1.5,1,0,3,9,2050,2025,2008,0,98001,47.696498,-121.663061,4854,6324
652,20160211T000000,1427145,2,2.78,1375,1731,1.0,0,0,5,8,1189,186,1970,0,98001,47.775418,-122.210063,3810,11234
653,20160212T000000,576718,3,2.29,2918,2129,1.0,0,0,3,7,2490,428,1988,0,98006,47.506969,-122.313316,1431,10161
654,20160213T000000,364267,3,4.27,4698,12638,2.5,0,0,3,7,1901,2797,1966,0,98005,47.736059,-122.0936,2829,8849
655,20160214T000000,4426005,2,3.9,1501,2605,1.0,0,0,3,10,1086,415,1978,0,98006,47.665959,-121.76944,893,9294
656,20160215T000000,920632,3,3.44,3884,12970,2.0,0,0,4,10,2651,1233,1992,0,98008,47.726267,-121.534542,2965,2083
657,20160216T000000,789561,4,3.5,4566,11937,1.0,0,0,3,7,2329,2237,1949,0,98004,47.108139,-121.690719,3777,6205
658,20160217T000000,745044,4,2.62,3345,12362,2.0,0,0,3,8,2485,860,1928,0,98005,47.776132,-121.559652,2429,5862
659,20160218T000000,785012,6,4.22,1981,13881,2.0,0,0,4,8,1126,855,1973,0,98005,47.431471,-122.359394,1125,4070
660,20160219T000000,628312,5,3.43,3801,3933,1.0,0,0,4,6,2531,1270,1931,0,98008,47.658728,-122.428823,3379,12940
661,20160220T000000,450602,4,3.55,1157,10407,2.0,0,0,3,9,3610,0,1986,0,98006,47.189043,-121.942295,3666,9563
662,20160221T000000,630310,3,4.02,3280,9516,1.0,0,4,3,10,3005,275,1938,0,98006,47.377159,-122.209703,3922,9870
663,20160222T000000,613434,4,1.96,922,6074,2.5,0,3,4,7,863,59,1908,1986,98001,47.290022,-121.671945,2609,1201
664,20160223T000000,711337,4,3.82,4181,11042,2.5,0,0,3,13,2682,1499,2000,0,98005,47.304161,-121.828012,1665,14913
665,20160224T000000,500309,2,1.68,4766,8099,1.5,0,4,3,6,873,3893,2003,0,98001,47.186279,-121.529272,3281,1088
666,20160225T000000,852531,3,2.21,3210,2490,1.5,0,0,3,9,3803,0,1913,0,98004,47.664035,-122.245208,2391,7299
667,20160226T000000,522253,4,2.17,952,1893,1.0,0,0,4,8,2586,0,1967,0,98003,47.10647,-122.014216,3682,11188
668,20160227T000000,2105913,3,4.42,2897,2390,2.0,0,0,3,8,2487,410,1963,0,98001,47.318754,-121.99876,2139,13686
669,20160228T000000,113411,4,4.0,2475,4389,1.0,0,1,3,8,3366,0,1919,0,98006,47.222087,-122.260823,1281,9379
670,20160229T000000,1397975,4,3.45,2157,5239,1.0,0,0,5,7,2594,0,1927,0,98007,47.512327,-121.909907,2556,6171
671,20160301T000000,1868877,3,3.54,3041,5479,1.5,0,0,3,9,2583,458,1913,0,98002,47.277977,-122.056714,2823,13939
672,20160302T000000,191065,3,2.97,3575,3263,1.0,0,0,3,9,2642,933,1943,0,98003,47.281299,-122.053278,2774,2554
673,20160303T000000,579832,3,4.31,3664,4432,2.0,0,0,3,7,3532,132,1997,0,98004,47.441837,-122.137263,2733,6599
674,20160304T000000,659461,2,2.74,3466,3371,1.0,0,0,5,10,1884,1582,1976,0,98007,47.556882,-122.483071,3138,13874
675,20160305T000000,252713,2,2.33,2553,12278,2.0,0,0,3,7,2048,505,1994,1994,98006,47.184913,-121.977905,3787,9421
676,20160306T000000,378022,4,1.57,787,5312,1.0,0,0,2,9,1669,0,1996,0,98003,47.222858,-122.164752,2980,12744
677,20160307T000000,338038,3,3.75,3717,2515,1.0,0,0,3,7,2440,1277,1938,1993,98008,47.273022,-122.49868,3116,14441
678,20160308T000000,2621332,3,3.57,4354,7326,2.0,0,0,3,7,867,3487,1927,0,98006,47.781624,-122.192056,855,1054
679,20160309T000000,1236327,3,2.35,1947,8088,3.0,0,0,4,7,564,1383,1963,0,98001,47.378007,-122.221372,4987,5366
680,20160310T000000,1632631,5,1.09,1107,6586,2.0,0,0,3,9,3799,0,1988,0,98007,47.519293,-122.106552,3846,5031
681,20160311T000000,1219737,3,3.94,2264,3917,1.0,0,0,3,9,1253,1011,1931,0,98006,47.26908,-122.368148,4022,10315
682,20160312T000000,301435,3,1.04,1725,6731,1.0,0,0,3,8,2043,0,1908,0,98007,47.443322,-121.992316,2967,4140
683,20160313T000000,409261,5,3.46,1735,8686,2.5,0,0,4,6,2535,0,1927,0,98004,47.151883,-121.80756,663,9078
684,20160314T000000,928206,4,4.4,1529,11544,1.5,0,0,3,8,3363,0,1994,0,98002,47.12432,-121.869814,4134,12562
685,20160315T000000,335480,3,2.53,3171,2167,1.0,0,0,3,9,2376,795,1916,0,98001,47.428113,-121.696245,4163,14257
686,20160316T000000,1437566,4,1.82,4462,9302,2.5,0,0,3,9,2078,2384,1986,0,98001,47.379062,-122.047992,3754,2552
687,20160317T000000,622185,3,3.47,3677,6109,2.0,0,0,3,7,1255,2422,1976,2004,98007,47.195816,-121.980908,3881,14665
688,20160318T000000,481788,3,3.86,4222,5327,3.0,0,0,3,4,2728,1494,1954,0,98004,47.581321,-121.689598,2564,8795
689,20160319T000000,1179474,2,2.91,1975,6810,2.5,0,0,3,9,2024,0,1909,1984,98004,47.795032,-122.072299,4765,6271
690,20160320T000000,925299,2,4.38,3396,4655,2.5,0,0,2,6,1096,2300,1979,0,98003,47.376953,-121.798401,4484,1115
691,20160321T000000,441225,4,1.18,1308,4793,1.0,0,0,3,6,3726,0,1905,0,98002,47.537191,-122.065398,4387,4613
692,20160322T000000,1137226,3,2.77,1478,10947,1.0,0,0,4,4,3334,0,1947,0,98006,47.774083,-122.082264,839,13610
693,20160323T000000,364294,3,3.51,2963,7738,2.0,0,2,2,8,3174,0,1974,0,98003,47.682074,-121.739794,4281,11802
694,20160324T000000,984676,4,4.02,1225,2577,2.0,0,0,4,8,2334,0,1966,0,98006,47.424487,-122.325163,4090,14883
695,20160325T000000,1248342,4,1.63,3001,10488,1.5,0,2,3,9,3670,0,1991,0,98006,47.616243,-122.161414,2433,7372
696,20160326T000000,598603,2,3.8,3862,12966,1.0,0,0,4,7,3163,699,1940,0,98006,47.189695,-122.275828,2145,9551
697,20160327T000000,887607,4,2.93,1716,3220,1.5,0,0,4,9,1895,0,1978,0,98003,47.458473,-122.14089,4728,9219
698,20160328T000000,325682,2,2.39,4551,10164,2.0,0,0,4,7,2086,2465,1959,0,98001,47.295342,-122.269625,3187,4837
699,20160329T000000,1539865,4,1.46,2697,2030,1.0,0,0,4,10,3933,0,1976,0,98004,47.212815,-121.920594,2626,4533
700,20160330T000000,702287,4,4.03,3306,11785,1.0,0,0,3,9,611,2695,1941,0,98001,47.398397,-121.701829,4941,14542
701,20160331T000000,473065,5,1.55,1278,7691,2.0,0,0,3,9,952,326,2008,0,98002,47.19171,-121.713387,1138,10610
702,20160401T000000,1287386,2,2.08,1472,4992,2.0,0,0,3,7,3303,0,1980,0,98003,47.58929,-122.135499,1724,13231
703,20160402T000000,411063,2,2.02,3310,13805,1.0,0,0,3,6,3740,0,1970,0,98008,47.419368,-121.51124,4205,12108
704,20160403T000000,280753,3,4.05,2623,1913,2.0,0,2,2,8,3131,0,1927,0,98002,47.471801,-121.906146,4410,6831
705,20160404T000000,225587,3,3.35,1098,7358,2.0,0,0,4,9,2686,0,2001,0,98004,47.202463,-122.1006,4745,6963
706,20160405T000000,1063448,3,3.79,3841,3181,1.5,0,0,3,6,2371,1470,1912,0,98004,47.19784,-121.664461,2049,2294
707,20160406T000000,314117,5,1.88,724,4197,1.0,0,3,3,11,2778,0,1980,0,98005,47.508391,-121.770126,4645,6970
708,20160407T000000,2693413,3,3.19,1340,7040,1.5,0,0,4,12,1762,0,1914,0,98002,47.789507,-121.750725,2005,8550
709,20160408T000000,162923,3,3.0,2314,2462,1.0,0,0,3,8,3531,0,1935,0,98008,47.167375,-122.303861,4930,12821
710,20160409T000000,2543787,4,3.91,1606,11570,2.5,0,0,3,11,752,854,1991,0,98001,47.300012,-122.031676,1875,3075
711,20160410T000000,658743,3,4.17,624,12646,1.0,0,0,4,7,2504,0,1914,0,98007,47.708621,-121.638172,1167,14830
712,20160411T000000,610497,4,1.04,3746,8037,2.0,0,0,3,5,1959,1787,2009,0,98008,47.15059,-121.995962,2874,14031
713,20160412T000000,434344,2,3.36,3431,12745,1.0,0,0,3,5,2442,989,1974,0,98002,47.71312,-121.816547,4590,8366
714,20160413T000000,1163394,3,1.18,4625,10499,1.5,0,0,5,9,3108,1517,1955,0,98003,47.467,-121.912066,1515,12869
715,20160414T000000,665059,2,2.92,3471,5994,2.0,0,0,4,6,3993,0,1994,0,98004,47.385787,-121.657643,835,12345
716,20160415T000000,1795262,2,2.01,2517,14386,1.0,0,0,4,11,1826,691,1903,0,98004,47.316776,-122.215439,580,6207
717,20160416T000000,754689,5,2.07,2915,10381,1.5,0,0,3,7,2619,296,1998,0,98002,47.307982,-121.924525,2634,6817
718,20160417T000000,875823,2,2.24,3596,6308,1.0,0,3,4,7,3834,0,1997,0,98008,47.314062,-122.376765,2299,2778
719,20160418T000000,594769,4,3.17,2109,7221,1.0,0,0,2,10,2357,0,1951,0,98002,47.719362,-121.809789,757,13867
720,20160419T000000,580984,3,2.17,1217,8090,2.0,0,0,3,7,2769,0,1990,0,98006,47.606657,-121.768032,684,13086
721,20160420T000000,932498,3,3.56,4061,8769,1.0,0,0,3,7,1600,2461,1909,0,98002,47.568806,-122.457163,622,11690
722,20160421T000000,210061,5,2.42,1516,1687,2.5,0,0,3,9,561,955,1993,0,98006,47.659124,-121.824209,4014,13720
723,20160422T000000,293679,2,1.24,4065,5661,2.0,0,0,3,7,1994,2071,1944,0,98008,47.27998,-122.08531,1894,1373
724,20160423T000000,1356667,4,3.74,4970,10399,1.5,0,0,3,7,1680,3290,1983,0,98003,47.53263,-122.375903,2852,14498
725,20160424T000000,752235,5,2.0,2460,2894,1.0,0,0,3,7,1305,1155,1928,0,98003,47.422046,-122.080092,3719,8557
726,20160425T000000,577860,4,2.51,1548,8389,1.5,0,0,3,8,2672,0,1952,0,98001,47.647709,-122.305767,1808,11457
727,20160426T000000,836399,5,3.4,1857,5922,2.0,0,0,4,12,3288,0,1928,0,98002,47.316479,-122.08444,4444,10323
728,20160427T000000,1178131,2,2.16,3926,14639,1.0,0,2,3,10,2375,1551,1922,0,98008,47.550225,-122.115661,2441,11034
729,20160428T000000,410331,3,1.2,615,7322,2.0,0,2,3,7,2708,0,1956,0,98008,47.717549,-121.761608,990,2573
730,20160429T000000,415628,3,2.31,2595,11003,1.0,0,0,3,8,1040,1555,1949,0,98001,47.381505,-121.725784,1554,7026
731,20160430T000000,800434,4,4.31,2301,4183,2.0,0,0,3,8,1125,1176,1920,0,98007,47.146635,-121.892971,1201,14235
732,20160501T000000,447690,6,3.25,2646,4797,1.0,0,0,3,12,2114,532,2011,0,98008,47.461236,-122.477313,3434,5444
733,20160502T000000,865204,3,3.35,2120,6178,2.5,0,0,3,7,605,1515,1942,0,98005,47.342181,-121.568978,1634,1787
734,20160503T000000,231467,4,3.21,3450,14638,1.5,0,0,3,8,1654,1796,1909,0,98003,47.570558,-121.813767,579,2545
735,20160504T000000,1775781,3,1.7,4292,10836,1.0,0,0,5,9,3928,364,2004,0,98004,47.765723,-122.465805,1335,13313
736,20160505T000000,1309162,4,2.46,3441,4968,1.0,0,0,3,12,2208,1233,1975,0,98006,47.439926,-121.681167,1151,14359
737,20160506T000000,735527,3,3.63,1477,3716,1.5,0,0,3,7,3323,0,1929,0,98005,47.426333,-122.299734,916,14146
738,20160507T000000,1448941,6,1.35,3566,1190,3.0,0,0,3,7,2408,1158,1950,0,98004,47.558209,-121.920779,4180,9561
739,20160508T000000,1940020,4,1.97,1283,14511,1.0,0,0,3,7,2549,0,1932,0,98005,47.172448,-122.033366,4366,14923
740,20160509T000000,1028659,3,1.97,740,2335,1.0,0,0,3,5,2780,0,1917,0,98001,47.277454,-122.080161,1245,14498
741,20160510T000000,200312,2,2.51,2053,9181,2.0,0,0,3,9,868,1185,1977,0,98001,47.743286,-121.610286,2502,14835
742,20160511T000000,281808,2,4.43,1512,13995,1.5,0,0,3,9,1774,0,1921,0,98006,47.56896,-122.062639,739,14171
743,20160512T000000,415439,3,1.24,686,12298,2.0,0,0,5,9,1445,0,1963,0,98003,47.109411,-122.424656,3393,5374
744,20160513T000000,634390,3,2.82,2381,1378,2.0,0,0,3,6,3679,0,1920,1985,98007,47.243238,-121.553361,2444,6447
745,20160514T000000,788466,4,1.63,930,13674,1.0,0,0,3,6,3847,0,1900,0,98008,47.577986,-121.579465,1355,10894
746,20160515T000000,349018,4,4.4,738,4829,2.5,0,0,4,7,2727,0,2012,0,98006,47.635079,-121.815567,4015,10849
747,20160516T000000,790329,4,1.4,2845,7380,1.5,0,0,3,7,792,2053,2006,0,98007,47.687902,-122.032107,3146,11120
748,20160517T000000,393368,2,2.41,575,1615,1.0,0,0,4,10,1083,0,1914,0,98004,47.304524,-122.407141,3694,5055
749,20160518T000000,414220,4,3.58,1856,14830,2.0,0,0,3,7,3342,0,1935,0,98008,47.75172,-121.709252,3098,1606
750,20160519T000000,259901,4,3.47,2830,3330,2.0,0,3,3,6,2722,108,1946,0,98005,47.487063,-122.424522,1853,14336
751,20160520T000000,369925,2,2.48,2402,2754,1.0,0,0,4,8,2670,0,1953,0,98006,47.587577,-122.431399,2535,3576
752,20160521T000000,321754,4,2.21,4513,1463,2.0,0,0,4,8,2774,1739,1985,0,98007,47.517717,-121.962616,3380,7569
753,20160522T000000,378269,4,2.39,2559,10158,1.0,0,2,4,8,2991,0,1931,0,98002,47.185918,-122.339872,1179,5124
754,20160523T000000,1410255,2,1.92,640,5267,1.5,0,0,3,10,2975,0,1957,0,98002,47.77418,-122.49227,986,6051
755,20160524T000000,318901,3,1.72,2289,4158,2.5,0,0,5,6,3654,0,1945,0,98003,47.186013,-122.076887,4120,1322
756,20160525T000000,5363936,3,2.69,4126,4624,1.0,0,0,5,9,1264,2862,1953,0,98007,47.278417,-122.362783,4150,11068
757,20160526T000000,843713,2,1.94,516,14434,1.0,0,0,3,8,3179,0,1932,0,98006,47.66954,-122.339485,1938,1583
758,20160527T000000,912153,5,2.01,4848,5938,2.0,0,0,3,7,2612,2236,2004,0,98004,47.533018,-122.423089,4814,6389
759,20160528T000000,399736,4,3.3,964,6417,3.0,0,0,3,11,1804,0,1938,0,98002,47.686704,-122.294906,1984,12001
760,20160529T000000,1308513,4,4.39,4971,7004,1.5,0,0,5,7,1914,3057,1922,2014,98003,47.461015,-121.784516,1190,9847
761,20160530T000000,494973,3,3.11,2327,9881,2.0,0,0,3,9,927,1400,1942,0,98006,47.363895,-121.691073,1512,5881
762,20160531T000000,791324,3,1.27,3528,11814,2.0,0,0,3,7,3165,363,1954,0,98003,47.745292,-122.047466,2847,9414
763,20160601T000000,3744873,4,1.26,1019,6603,2.5,0,0,3,8,3472,0,1901,0,98004,47.125377,-121.993446,4208,3122
764,20160602T000000,628122,4,4.33,589,3212,2.5,0,0,3,10,2514,0,1965,1994,98002,47.699291,-122.467345,4970,8699
765,20160603T000000,1888287,2,2.04,3351,7120,1.0,0,0,3,10,3359,0,1937,2000,98008,47.261572,-122.430684,2422,8796
766,20160604T000000,520006,3,1.32,3343,6818,1.5,0,0,3,10,606,2737,2014,0,98002,47.694115,-122.242432,1137,3220
767,20160605T000000,724994,4,3.1,2384,1382,1.5,0,0,5,9,1158,1226,1928,0,98002,47.197438,-121.956102,3508,6123
768,20160606T000000,2736656,3,3.18,4671,3256,2.0,0,0,3,7,3833,838,2009,0,98007,47.506153,-121.760449,2733,4550
769,20160607T000000,443634,2,3.27,1425,13002,2.0,0,0,4,9,1682,0,1966,1995,98001,47.721676,-121.894997,2625,6779
770,20160608T000000,3059584,4,1.94,4234,12695,2.0,0,0,3,9,2812,1422,2002,0,98007,47.431478,-122.107872,3957,11634
771,20160609T000000,891040,3,1.05,1469,2412,3.0,0,0,3,5,1725,0,1970,0,98002,47.622597,-122.381676,4789,14937
772,20160610T000000,444368,3,4.38,1594,10775,1.0,0,0,3,8,654,940,1935,0,98005,47.66327,-121.719227,3674,5928
773,20160611T000000,1347695,2,1.88,3695,7146,1.0,0,0,3,10,3584,111,1928,0,98001,47.615546,-122.136214,4188,14291
774,20160612T000000,1336299,3,3.37,1904,1371,1.5,0,0,3,8,3868,0,1936,0,98008,47.747731,-121.763946,1899,13177
775,20160613T000000,1157388,4,3.47,3864,6806,1.0,0,0,5,7,1395,2469,2012,0,98006,47.412784,-121.987021,2834,1166
776,20160614T000000,329360,3,3.14,4790,6565,1.0,0,2,3,10,2021,2769,1999,1999,98007,47.221188,-121.761338,2005,7443
777,20160615T000000,469028,3,2.1,4482,9802,1.0,0,0,3,7,2120,2362,1986,0,98001,47.133468,-121.59271,749,11208
778,20160616T000000,668776,5,1.95,4823,9307,2.0,0,0,3,7,1492,3331,1944,0,98001,47.272522,-121.57897,1035,9309
779,20160617T000000,825407,5,3.09,4513,8437,2.5,0,0,3,9,2792,1721,1915,0,98007,47.200238,-121.964893,4032,7655
780,20160618T000000,1201684,5,4.03,3592,1446,2.0,0,0,5,8,1823,1769,2011,0,98007,47.490564,-121.988492,4049,11001
781,20160619T000000,996148,3,4.31,4659,2391,2.0,0,0,3,9,1885,2774,1930,0,98001,47.229462,-122.234322,957,8342
782,20160620T000000,277856,3,1.37,2574,12516,1.0,0,2,3,7,3925,0,1933,0,98003,47.127254,-121.5642,3238,3206
783,20160621T000000,755393,6,1.54,784,2340,2.0,0,0,3,7,2933,0,1949,0,98008,47.125193,-122.042081,3869,14695
784,20160622T000000,963365,4,4.31,1687,13702,2.0,0,0,3,7,3306,0,1964,0,98005,47.682099,-122.372409,4635,2250
785,20160623T000000,1429709,2,3.58,4469,3939,2.0,0,0,3,11,3883,586,1981,0,98004,47.514015,-122.067295,4196,5006
786,20160624T000000,1634601,2,4.09,3465,14335,1.0,0,0,3,8,2961,504,1961,2005,98002,47.35066,-122.372947,3911,12301
787,20160625T000000,1519874,3,1.71,4819,12891,1.0,0,0,3,8,1801,3018,2003,0,98008,47.72596,-121.997468,4569,5558
788,20160626T000000,734523,5,3.06,1283,6969,1.0,0,0,3,5,3262,0,1942,0,98007,47.149138,-121.938724,3887,10863
789,20160627T000000,585476,4,3.45,1449,10265,2.0,0,0,2,7,1258,191,1955,0,98001,47.786225,-122.162244,3685,3151
790,20160628T000000,255962,3,3.38,4439,5813,2.0,0,0,4,8,1246,3193,1914,0,98004,47.531404,-122.428349,3738,6077
791,20160629T000000,718561,2,2.43,544,4569,2.5,0,0,3,6,1092,0,1947,1983,98007,47.228425,-121.556496,760,3297
792,20160630T000000,809971,4,1.05,2310,6454,1.5,0,0,4,8,3927,0,1948,0,98003,47.575348,-121.726647,1747,10228
793,20160701T000000,868453,4,3.04,2581,4150,2.0,0,0,4,8,2048,533,1980,0,98004,47.634367,-121.661119,3833,3614
794,20160702T000000,344106,3,1.89,3998,10797,2.5,0,0,3,9,3386,612,1943,0,98001,47.40054,-122.133132,3822,2879
795,20160703T000000,318287,4,2.58,1329,7414,1.0,0,0,3,9,515,814,1909,0,98008,47.703143,-121.739169,3073,9788
796,20160704T000000,1544879,5,4.35,2409,5657,1.0,0,2,3,8,1492,917,1919,0,98006,47.205513,-122.014627,625,1620
797,20160705T000000,684385,3,2.4,3081,7947,2.5,0,0,3,7,1568,1513,1969,0,98008,47.295186,-122.298917,1729,7698
798,20160706T000000,1079539,4,3.94,1191,11486,1.0,0,0,3,9,1844,0,1907,0,98008,47.165445,-122.375577,3711,6507
799,20160707T000000,978923,3,1.66,4519,8943,2.5,0,4,3,9,3198,1321,1944,0,98005,47.247614,-122.154949,3633,9262
800,20160708T000000,625520,4,3.35,1431,4662,3.0,0,0,1,7,3897,0,1933,0,98004,47.26711,-122.362448,1806,14243
801,20160709T000000,1793434,4,4.42,3906,5482,2.0,0,0,4,11,2695,1211,1995,0,98007,47.742343,-121.501731,2601,2803
802,20160710T000000,374393,4,1.36,647,5797,2.0,0,0,3,6,2902,0,1950,0,98001,47.154677,-122.450811,635,8116
803,20160711T000000,625901,4,1.03,1532,6068,2.0,0,0,3,6,3807,0,2005,2013,98007,47.399191,-122.058856,2877,5533
804,20160712T000000,456612,3,2.52,1811,6480,2.0,0,0,3,7,1202,609,1903,0,98001,47.472679,-122.047906,1959,10259
805,20160713T000000,537748,5,1.32,887,9033,1.0,0,0,1,11,1112,0,2007,0,98002,47.729085,-122.199368,4731,2925
806,20160714T000000,628238,4,3.62,3621,1983,1.0,0,0,3,8,604,3017,2013,0,98006,47.798387,-121.928648,1312,2037
807,20160715T000000,914569,2,4.2,2373,6607,1.0,0,0,4,10,1997,376,1938,0,98002,47.627372,-122.350023,1351,12634
808,20160716T000000,542751,4,2.52,4088,9543,2.0,0,0,4,7,895,3193,1983,0,98008,47.779554,-121.716088,2244,4183
809,20160717T000000,1599322,4,1.91,1415,10916,1.0,0,1,4,8,3153,0,1923,0,98006,47.650971,-122.167552,2438,10594
810,20160718T000000,377971,3,2.52,2378,11143,1.0,0,0,3,8,3791,0,1987,0,98005,47.774242,-121.908657,1370,11553
811,20160719T000000,792236,4,3.53,4248,10471,1.0,0,0,3,10,2510,1738,1954,0,98002,47.59509,-121.784361,1134,10630
812,20160720T000000,373301,5,1.03,777,2907,2.0,0,0,3,5,1350,0,1925,0,98005,47.155834,-121.610958,1168,13003
813,20160721T000000,1839573,3,3.06,2477,14040,3.0,0,0,3,7,2488,0,1924,0,98007,47.381344,-121.664213,1793,9676
814,20160722T000000,760213,6,3.15,2359,7924,3.0,0,0,3,7,941,1418,1935,0,98008,47.552618,-121.891691,3588,5264
815,20160723T000000,1769244,2,3.23,3536,10216,1.5,0,0,3,10,2168,1368,1970,0,98003,47.345503,-122.111607,768,5898
816,20160724T000000,279674,3,1.85,3871,9737,2.5,0,0,3,8,1372,2499,1973,0,98003,47.291369,-121.996795,1360,9437
817,20160725T000000,870641,3,3.5,2682,14757,2.0,0,0,3,8,1166,1516,1957,0,98006,47.504179,-121.731265,981,14136
818,20160726T000000,1245374,5,1.32,1670,5174,2.0,0,0,3,8,1551,119,2010,2008,98006,47.753451,-121.622454,3790,7121
819,20160727T000000,809213,4,1.7,989,14547,2.0,0,0,4,12,3341,0,1911,0,98002,47.124487,-122.396218,3890,6789
820,20160728T000000,1730756,2,4.07,3025,11573,1.0,0,0,3,10,3022,3,1900,0,98003,47.638462,-122.115144,1761,4371
821,20160729T000000,488975,3,3.59,1682,10080,2.5,0,0,5,9,1127,555,1949,0,98004,47.605909,-121.723883,2832,2350
822,20160730T000000,2151047,4,1.05,4979,8265,1.0,0,0,4,7,3876,1103,1924,0,98004,47.774767,-122.068348,602,9721
823,20160731T000000,4071470,2,1.87,4758,10297,1.5,0,1,3,7,1928,2830,1979,0,98007,47.751498,-122.167772,4294,6714
824,20160801T000000,717640,5,1.75,2988,11741,2.0,0,3,3,11,3049,0,1904,0,98004,47.633563,-122.088677,4834,14134
825,20160802T000000,517251,4,1.95,2376,2990,1.0,0,0,3,8,847,1529,1982,0,98007,47.464286,-121.897155,3192,4814
826,20160803T000000,1928000,3,1.87,2962,6596,1.0,0,0,4,7,1763,1199,1967,0,98003,47.242987,-121.500195,4171,8147
827,20160804T000000,2076106,5,1.22,2130,4998,2.0,0,0,3,8,1517,613,1905,0,98004,47.481665,-122.007008,1381,7485
828,20160805T000000,496740,3,2.61,787,4775,1.0,0,0,5,11,1069,0,1925,0,98005,47.635746,-122.291506,2735,10980
829,20160806T000000,630747,6,3.56,4782,12004,2.0,0,0,3,8,3242,1540,2012,0,98001,47.726968,-122.337153,3534,10894
830,20160807T000000,582680,4,3.12,2407,10112,2.0,0,0,4,8,3908,0,2002,0,98006,47.652798,-122.45765,3077,4625
831,20160808T000000,288353,4,3.36,1661,5645,2.0,0,0,4,10,2573,0,1954,0,98008,47.236687,-121.941183,1175,12512
832,20160809T000000,317578,2,1.28,629,3061,2.0,0,0,3,8,3980,0,1938,0,98002,47.51978,-121.955428,2939,9951
833,20160810T000000,340479,5,4.33,2863,5487,2.0,0,0,3,7,3648,0,1908,0,98007,47.332521,-122.294766,2181,9117
834,20160811T000000,453712,3,3.93,643,14668,2.0,0,0,3,13,2452,0,1944,0,98005,47.106444,-121.804671,1776,10595
835,20160812T000000,680645,2,3.82,515,14261,2.0,0,0,3,11,2764,0,1913,0,98004,47.240155,-121.758893,3747,9989
836,20160813T000000,806796,1,3.88,744,12831,2.0,0,0,3,10,1851,0,2011,0,98008,47.179254,-122.240902,4148,1531
837,20160814T000000,2034714,4,4.26,1426,12357,2.0,0,0,4,9,3384,0,1954,0,98008,47.689903,-122.1559,1812,11109
838,20160815T000000,363522,4,2.9,3678,5435,2.5,0,0,3,7,3321,357,1908,0,98001,47.280954,-121.509528,1573,14151
839,20160816T000000,1674642,4,1.7,2676,3644,1.0,0,0,5,11,3594,0,1914,0,98002,47.299289,-122.125736,4599,5137
840,20160817T000000,525484,5,3.16,1386,14044,1.5,0,0,4,7,1169,217,1936,0,98005,47.771956,-121.739198,2154,12608
841,20160818T000000,679843,2,3.6,840,2045,2.5,0,1,3,10,1217,0,1949,0,98002,47.365361,-122.047275,4247,1598
842,20160819T000000,1344448,4,3.58,2551,12748,1.0,0,0,4,11,2857,0,1983,0,98007,47.10671,-121.706655,4588,8428
843,20160820T000000,381617,3,2.83,3898,8951,1.0,0,0,3,9,3146,752,1971,0,98007,47.298692,-121.730977,2393,9497
844,20160821T000000,1201772,4,1.24,4450,7449,2.0,0,0,4,10,766,3684,1995,0,98006,47.18351,-121.832244,1785,5904
845,20160822T000000,773711,4,2.3,805,3681,1.0,0,0,3,10,1938,0,2010,0,98003,47.171966,-121.645222,1034,3909
846,20160823T000000,926466,4,4.22,1407,4199,1.0,0,3,3,7,3193,0,1920,0,98007,47.154241,-121.560782,3947,14551
847,20160824T000000,968951,4,3.05,3154,7768,3.0,0,0,3,9,3838,0,1956,0,98004,47.515282,-121.920017,1879,1678
848,20160825T000000,4044420,3,2.88,4292,10130,2.0,0,0,3,6,1856,2436,2004,0,98008,47.232543,-122.262531,1145,4384
849,20160826T000000,527845,3,1.94,4542,8440,1.0,0,0,3,8,1522,3020,1918,0,98005,47.35287,-122.101371,523,9922
850,20160827T000000,441313,4,2.29,1871,14135,3.0,0,0,3,7,2537,0,1992,0,98005,47.703412,-121.741694,4951,3025
851,20160828T000000,398341,3,4.13,820,9633,3.0,0,0,3,8,2997,0,1957,2009,98001,47.397037,-121.849117,4624,14220
852,20160829T000000,627940,3,3.33,4559,3550,1.5,0,0,4,10,1064,3495,1994,0,98008,47.740984,-122.322202,864,14190
853,20160830T000000,517217,3,3.76,1631,5225,1.0,0,0,3,12,1770,0,1905,0,98001,47.448557,-122.44876,3155,5228
854,20160831T000000,1606219,4,2.59,3078,1596,2.0,0,0,3,7,1559,1519,1903,0,98001,47.379186,-121.817038,908,3766
855,20160901T000000,2234997,3,3.21,4542,7054,2.0,0,0,3,8,1924,2618,1942,0,98008,47.625272,-122.248921,1814,3098
856,20160902T000000,531452,3,1.87,3867,2505,2.0,0,0,4,8,527,3340,1992,0,98002,47.151223,-122.00033,718,7761
857,20160903T000000,420313,4,3.47,1317,10053,2.5,0,0,5,11,719,598,1941,0,98004,47.162635,-121.753253,2039,1391
858,20160904T000000,827969,4,2.5,511,11832,2.0,0,0,3,8,905,0,1902,0,98002,47.556382,-121.937333,3933,11935
859,20160905T000000,434652,2,2.55,694,14286,1.0,0,0,3,9,2137,0,1900,0,98004,47.440858,-122.416697,2102,4784
860,20160906T000000,1359420,3,3.27,3037,7468,2.0,0,0,3,11,2298,739,2007,0,98005,47.653291,-122.31442,3204,7666
861,20160907T000000,875479,2,4.28,3342,8236,1.0,0,0,3,8,2818,524,1954,2002,98007,47.74139,-122.280672,4148,4837
862,20160908T000000,292211,3,1.22,2729,12923,2.0,0,0,4,11,2259,470,1914,0,98007,47.371857,-122.242136,1605,13795
863,20160909T000000,2655681,3,3.89,3509,2551,2.0,0,0,3,11,2174,1335,1946,1984,98002,47.517487,-121.934597,3911,2685
864,20160910T000000,2953215,4,2.02,2577,14928,1.0,0,0,5,11,1291,1286,1984,0,98002,47.450488,-121.996034,2988,7497
865,20160911T000000,502007,4,2.55,4367,12428,2.0,0,0,3,7,1462,2905,1945,0,98002,47.787127,-122.29684,1116,3914
866,20160912T000000,475050,4,1.08,943,14799,1.0,0,0,5,8,1809,0,1957,0,98003,47.681759,-122.432445,4821,8116
867,20160913T000000,839197,3,2.05,797,10928,1.0,0,0,1,10,1333,0,1994,2007,98006,47.738216,-122.328568,2918,10610
868,20160914T000000,817479,4,2.76,1344,7852,2.0,0,0,4,8,816,528,1970,0,98008,47.278038,-121.515619,527,14243
869,20160915T000000,1101153,3,1.2,1515,2449,1.0,0,0,4,9,1820,0,1980,0,98004,47.640768,-122.031453,3555,13383
870,20160916T000000,2457290,6,2.72,1884,6953,2.0,0,0,5,6,2885,0,1982,0,98007,47.285831,-121.632654,515,13393
871,20160917T000000,529787,4,4.24,1897,9456,1.0,0,0,2,6,1830,67,1938,0,98004,47.24612,-121.651248,3848,13282
872,20160918T000000,357972,2,1.37,1053,9042,2.0,0,0,3,8,3999,0,1902,0,98002,47.760986,-121.98848,832,4726
873,20160919T000000,293585,4,3.68,2850,3659,2.0,0,0,3,9,850,2000,1929,2005,98003,47.113513,-121.793312,2661,13965
874,20160920T000000,400859,3,2.43,1769,8509,2.0,0,0,2,8,1010,759,1934,0,98002,47.775772,-122.307248,2585,12821
875,20160921T000000,691307,4,3.29,1760,8893,1.5,0,0,3,9,3072,0,1956,0,98004,47.204483,-121.811603,4453,12505
876,20160922T000000,2130533,2,1.91,684,8445,3.0,0,0,3,8,991,0,1928,0,98006,47.673607,-122.227615,3289,5951
877,20160923T000000,540254,3,1.56,2910,3721,1.0,0,0,3,9,2431,479,1949,0,98007,47.293146,-121.667938,4761,7058
878,20160924T000000,1130013,4,1.56,4931,10654,1.0,0,3,3,9,2117,2814,1961,0,98006,47.345492,-122.416276,2752,8655
879,20160925T000000,786530,3,1.25,2709,13444,1.5,0,4,2,8,2556,153,1951,0,98008,47.25173,-121.726861,744,14077
880,20160926T000000,1846079,4,1.65,4172,10637,1.0,0,0,3,8,2020,2152,1913,0,98005,47.50986,-122.400063,2394,5610
881,20160927T000000,4086043,3,3.32,2381,11490,3.0,0,2,3,7,2083,298,1934,0,98003,47.343667,-121.618811,1856,8821
882,20160928T000000,579309,4,4.09,4796,3925,1.0,0,0,3,8,3108,1688,1927,0,98006,47.560175,-122.195795,1442,2084
883,20160929T000000,470768,4,3.85,1021,10824,2.0,0,0,3,9,2987,0,1957,0,98003,47.110953,-121.845607,3967,8583
884,20160930T000000,1460962,3,3.4,2387,11566,2.0,0,0,3,8,2075,312,1929,0,98002,47.145062,-122.012498,3692,10199
885,20161001T000000,1231862,3,1.39,3052,8104,1.0,0,1,4,8,3339,0,1989,0,98005,47.169763,-122.133697,2245,2317
886,20161002T000000,3120074,3,2.01,4309,14182,2.0,0,0,5,9,2261,2048,1906,0,98004,47.393296,-121.854558,2857,7880
887,20161003T000000,1111633,2,2.08,4655,7240,1.0,0,0,5,6,2491,2164,1938,0,98006,47.670357,-121.552477,4379,3349
888,20161004T000000,775568,3,1.87,4916,1512,1.5,0,0,4,11,3679,1237,1994,0,98006,47.721725,-122.45873,4277,8337
889,20161005T000000,1000374,4,2.8,3979,1215,1.0,0,0,3,5,1768,2211,1968,0,98001,47.271368,-121.581147,2615,3693
890,20161006T000000,1803125,5,2.87,1909,8299,2.5,0,0,3,12,3826,0,1934,0,98007,47.502059,-121.890918,2767,8208
891,20161007T000000,1240177,5,2.25,2194,12523,3.0,0,0,3,8,2580,0,2013,0,98004,47.637855,-121.692686,2767,11470
892,20161008T000000,900342,4,2.24,1026,11364,1.0,0,0,3,8,1546,0,2010,0,98006,47.302181,-122.116125,1996,14720
893,20161009T000000,1490837,4,3.9,3160,4153,1.0,0,0,3,7,3392,0,1951,0,98006,47.386305,-122.028157,3296,7881
894,20161010T000000,1352183,4,3.76,2672,8450,2.0,0,0,3,5,3113,0,1913,0,98004,47.466782,-121.631149,4981,4722
895,20161011T000000,1524552,3,2.08,779,2706,1.0,0,0,3,7,548,231,1962,0,98005,47.194412,-122.085152,1429,4693
896,20161012T000000,1068347,5,4.2,3464,11298,2.5,0,0,2,6,961,2503,1935,0,98003,47.118188,-121.96534,3824,5392
897,20161013T000000,777482,4,4.33,4477,2567,2.0,0,0,4,9,3137,1340,1990,0,98004,47.206964,-122.479805,856,13742
898,20161014T000000,781316,4,2.14,3169,11400,1.0,0,0,2,7,835,2334,1923,0,98003,47.538798,-122.341402,4810,8224
899,20161015T000000,1871784,2,2.24,3393,11523,2.0,0,0,3,9,1881,1512,1939,0,98005,47.151533,-121.858313,4564,14229
900,20161016T000000,370432,3,2.77,2251,11345,1.5,0,0,1,7,1645,606,1928,0,98005,47.232787,-121.783023,4341,8802
901,20161017T000000,1248077,3,4.29,4481,2128,2.5,0,0,3,11,858,3623,1952,0,98008,47.336498,-121.917399,4430,13527
902,20161018T000000,558966,4,4.07,2861,4510,2.5,0,0,3,8,2893,0,2008,0,98002,47.154509,-122.35669,1326,6717
903,20161019T000000,766343,4,1.36,4927,13515,1.0,0,0,4,6,692,4235,1921,0,98001,47.234189,-122.054595,1165,12439
904,20161020T000000,2041779,3,2.37,4631,8867,1.0,0,0,3,8,1939,2692,1971,0,98005,47.737889,-122.144905,2528,4134
905,20161021T000000,746479,6,2.94,2208,12845,3.0,0,0,3,7,1900,308,1914,0,98008,47.113509,-122.004339,4191,3598
906,20161022T000000,735845,2,2.76,3186,3365,2.5,0,0,3,7,1255,1931,2012,0,98008,47.557402,-121.629671,3082,11377
907,20161023T000000,294770,3,1.68,3395,6583,1.0,0,0,3,8,2184,1211,1968,0,98008,47.369086,-121.724139,1053,5052
908,20161024T000000,1347639,2,4.01,3276,5897,2.0,0,0,4,9,3717,0,1963,0,98005,47.570854,-122.41601,827,13741
909,20161025T000000,1209530,4,3.37,1619,6718,1.5,0,0,3,11,3025,0,1903,0,98003,47.512084,-121.609691,1688,4824
910,20161026T000000,3497832,5,3.93,3488,7001,1.0,0,0,3,8,1327,2161,1974,0,98005,47.256449,-122.028233,649,4520
911,20161027T000000,827642,3,4.01,4759,12113,2.5,0,0,4,12,1389,3370,1917,0,98004,47.693047,-121.756138,3353,2249
912,20161028T000000,1143118,4,3.62,4743,5567,1.0,0,0,4,11,1152,3591,1941,0,98002,47.444358,-122.359961,2436,7586
913,20161029T000000,811695,3,2.54,694,10271,2.5,0,0,3,10,2955,0,2012,0,98002,47.675775,-121.82928,4888,8843
914,20161030T000000,1912226,5,3.14,1162,12703,1.0,0,0,3,8,2833,0,1929,0,98004,47.384209,-122.263674,3236,3074
915,20161031T000000,549376,4,1.56,979,14329,2.0,0,0,3,7,2421,0,1914,0,98006,47.78928,-122.061619,1456,3504
916,20161101T000000,962404,4,3.36,4718,3741,1.0,0,0,3,7,1350,3368,1969,0,98005,47.639343,-122.483137,3748,13982
917,20161102T000000,1097583,1,1.63,1923,4020,2.0,0,0,3,9,610,1313,1954,0,98007,47.776165,-122.348389,915,13997
918,20161103T000000,856673,5,3.43,3208,7256,2.0,0,0,4,8,1119,2089,1952,0,98001,47.460029,-122.40792,3954,3014
919,20161104T000000,535218,4,1.8,3675,1228,1.0,0,0,3,7,1292,2383,1915,0,98008,47.431584,-122.260256,3145,5944
920,20161105T000000,938730,3,1.41,4314,9362,2.0,0,0,4,8,2597,1717,2010,0,98005,47.628818,-122.399982,4274,1948
921,20161106T000000,1260187,4,1.58,2514,1294,1.5,0,0,3,5,3585,0,2003,0,98002,47.716204,-121.80809,584,1106
922,20161107T000000,419727,3,1.01,4289,5284,1.0,0,0,2,9,1657,2632,1972,0,98001,47.774902,-122.47096,2435,11683
923,20161108T000000,720911,5,3.52,2943,9617,2.0,0,0,3,6,1087,1856,2006,0,98007,47.327186,-121.882259,1916,5692
924,20161109T000000,419576,2,3.56,1411,14264,1.0,0,0,4,9,3143,0,1933,0,98006,47.659093,-122.359292,1570,9346
925,20161110T000000,2000415,4,2.8,3713,14390,2.0,0,0,4,10,3914,0,1926,0,98003,47.247452,-121.554839,3912,4240
926,20161111T000000,236868,4,1.56,2864,7801,2.0,0,0,3,7,3217,0,1912,1992,98003,47.481902,-121.566906,2021,9987
927,20161112T000000,546377,2,1.29,4129,1918,2.0,0,0,3,8,1809,2320,1999,0,98007,47.225894,-122.274497,2001,13559
928,20161113T000000,1149793,3,1.07,3972,12445,1.0,0,0,3,10,2457,1515,1926,0,98005,47.343178,-121.885579,4591,10762
929,20161114T000000,1799642,1,1.58,1180,1498,1.5,0,0,4,7,2861,0,1972,0,98005,47.751951,-122.471995,2973,14731
930,20161115T000000,584859,3,4.12,1109,3809,1.5,0,1,4,7,3153,0,1968,0,98001,47.202263,-121.568211,1235,6303
931,20161116T000000,491429,3,1.85,2656,5961,2.0,0,0,3,8,796,1860,2014,0,98001,47.542681,-121.977013,3338,2634
932,20161117T000000,3061310,4,2.24,4366,10017,2.0,0,0,3,8,2129,2237,1985,0,98006,47.515068,-122.456777,3062,14548
933,20161118T000000,236734,3,1.37,871,4779,2.0,0,0,3,9,1068,0,1930,0,98005,47.184517,-122.1575,4406,11130
934,20161119T000000,127411,3,1.78,1115,11050,1.0,0,0,3,7,1687,0,1902,0,98002,47.328185,-122.423151,1772,2532
935,20161120T000000,985419,4,2.82,2753,3118,1.0,0,0,3,8,1331,1422,1929,0,98003,47.494087,-122.107056,2362,8608
936,20161121T000000,551309,2,3.13,4638,7391,1.0,0,0,3,7,1109,3529,1920,0,98006,47.231025,-121.830074,4726,12220
937,20161122T000000,371611,5,1.86,1364,1145,1.0,0,2,4,10,515,849,1998,0,98008,47.660437,-122.03011,2263,13409
938,20161123T000000,1032596,4,1.2,1768,14929,1.0,0,0,3,7,3915,0,1905,0,98001,47.78051,-122.116278,4918,2440
939,20161124T000000,851344,4,2.37,1284,8942,1.0,0,0,5,10,3649,0,1991,0,98008,47.250332,-122.380843,1322,10590
940,20161125T000000,561709,4,1.82,4678,14607,1.0,0,0,3,8,1869,2809,1931,0,98002,47.230838,-122.255061,1042,4646
941,20161126T000000,312266,5,1.77,2737,5565,1.0,0,0,3,9,571,2166,1941,0,98005,47.418455,-122.399857,3265,12589
942,20161127T000000,1533048,3,4.36,4554,12769,1.0,0,0,3,8,769,3785,2000,0,98004,47.623436,-121.692501,2578,6599
943,20161128T000000,1085062,2,3.16,1435,1192,1.0,0,0,3,9,786,649,1961,0,98001,47.29712,-122.36476,1384,13437
944,20161129T000000,771679,3,2.95,4480,6187,1.0,0,0,3,8,565,3915,1988,0,98006,47.113916,-121.904627,4786,13994
945,20161130T000000,2806260,4,2.46,2838,7637,1.5,0,0,3,9,1379,1459,1931,0,98004,47.478854,-122.15726,4149,12234
946,20161201T000000,292663,2,2.5,825,13080,2.0,0,0,3,8,567,258,1998,0,98002,47.76962,-122.274022,4071,2615
947,20161202T000000,236226,4,2.89,2034,9243,1.0,0,0,3,8,1716,318,1985,0,98008,47.373894,-121.860532,4433,10705
948,20161203T000000,491969,6,3.44,3980,3410,1.5,0,0,3,8,3626,354,1987,0,98007,47.394094,-122.042998,4166,8994
949,20161204T000000,968122,4,3.46,4361,2820,1.0,0,4,3,10,3527,834,1938,0,98003,47.778231,-122.099855,2221,7296
950,20161205T000000,891263,4,1.6,2485,3964,1.0,0,0,2,9,1902,583,1963,0,98007,47.586225,-121.907148,874,3598
951,20161206T000000,636849,2,2.75,3278,3521,1.0,0,0,3,8,1473,1805,1929,0,98007,47.60342,-122.008732,1057,10036
952,20161207T000000,906567,4,2.44,1770,11061,1.5,0,0,4,9,3739,0,1962,0,98007,47.493891,-122.196516,1780,12611
953,20161208T000000,280690,4,4.05,1140,3568,2.0,0,0,3,9,3980,0,2013,0,98002,47.782226,-121.940939,3923,4530
954,20161209T000000,4117804,2,3.21,4578,6882,1.0,1,1,4,11,1007,3571,1995,0,98003,47.582207,-121.830501,1628,8590
955,20161210T000000,708317,2,2.86,1867,14742,1.0,0,0,3,10,3384,0,1930,0,98002,47.726523,-122.473307,1860,3327
956,20161211T000000,1918371,5,1.4,4542,2867,2.5,0,0,3,9,1625,2917,1986,0,98007,47.589565,-122.034128,4097,7565
957,20161212T000000,944739,4,3.12,3075,8465,1.0,0,0,3,8,1385,1690,1939,0,98001,47.614581,-122.442317,1600,8767
958,20161213T000000,1227768,4,1.41,4103,8602,1.0,0,0,4,10,3341,762,1932,0,98007,47.303288,-122.313595,2034,12232
959,20161214T000000,1083708,5,2.18,2081,11930,2.5,0,0,4,9,2969,0,1962,0,98001,47.312435,-121.939491,3125,2976
960,20161215T000000,1189021,4,1.5,2486,12461,2.0,0,0,3,12,2487,0,1924,0,98006,47.648089,-121.633811,4627,2835
961,20161216T000000,1070926,3,3.42,2740,4199,1.5,0,0,3,7,1274,1466,1935,0,98007,47.307694,-121.617194,2131,5899
962,20161217T000000,1984396,3,1.72,4466,11771,1.5,0,3,3,6,3025,1441,1923,0,98004,47.493939,-122.430056,557,1354
963,20161218T000000,733141,3,2.37,2605,7103,1.0,0,0,3,6,1425,1180,1994,0,98002,47.274547,-122.080895,1627,10797
964,20161219T000000,1050441,3,4.13,628,14722,1.0,0,0,3,9,619,9,1957,0,98007,47.671888,-121.916994,811,5473
965,20161220T000000,905148,4,1.72,4496,13197,2.0,0,0,3,11,2438,2058,1938,0,98002,47.177351,-122.35293,4217,4195
966,20161221T000000,1368638,4,2.78,1351,14127,1.0,0,0,3,4,3862,0,1945,0,98008,47.680613,-121.734568,2501,11319
967,20161222T000000,548304,5,2.47,4603,1240,1.5,0,0,4,9,987,3616,1976,0,98007,47.521911,-121.755765,3237,14868
968,20161223T000000,2789367,3,1.06,2576,4440,2.5,0,2,3,9,3732,0,1909,0,98004,47.230837,-121.596659,4377,10179
969,20161224T000000,791727,4,3.77,3494,5631,3.0,0,0,3,9,2625,869,1986,0,98007,47.479425,-122.491514,2782,13520
970,20161225T000000,328528,4,1.24,4244,10599,1.0,0,4,3,8,3609,635,1981,0,98005,47.297749,-122.283316,3683,9345
971,20161226T000000,916774,4,2.66,3256,12694,2.0,0,0,3,10,3965,0,1931,0,98006,47.326427,-121.672813,1931,1906
972,20161227T000000,382213,4,2.96,2144,13230,1.5,0,0,2,6,940,1204,1996,0,98008,47.34607,-121.82942,3625,12955
973,20161228T000000,1608116,3,3.2,4871,9274,2.5,0,0,3,9,961,3910,1935,0,98002,47.144323,-121.60561,4834,8198
974,20161229T000000,462794,3,3.41,3644,6077,1.0,0,0,3,7,1111,2533,1927,0,98008,47.790173,-122.44282,2275,2620
975,20161230T000000,445728,2,1.89,742,4768,1.0,0,0,4,8,1817,0,1915,0,98006,47.122074,-121.903036,1818,12820
976,20161231T000000,245288,3,1.03,4585,10142,1.0,0,0,4,10,3971,614,1915,0,98002,47.563748,-121.930953,4707,12766
977,20170101T000000,415978,3,3.53,670,8995,1.0,0,0,3,7,2159,0,1917,0,98002,47.359859,-122.464326,3659,5418
978,20170102T000000,109256,4,2.87,1152,9802,1.0,0,0,2,7,1416,0,1907,0,98005,47.552207,-121.986478,1828,9523
979,20170103T000000,286535,5,3.93,4012,13861,2.0,0,1,3,9,3663,349,2005,0,98007,47.349374,-121.89048,4885,5338
980,20170104T000000,1166117,4,3.87,1999,7429,2.0,0,0,3,8,3156,0,1979,0,98001,47.571625,-122.308707,4474,1429
981,20170105T000000,1245755,4,3.95,2599,14276,1.0,0,0,3,8,505,2094,1974,0,98006,47.610465,-122.22667,4965,6301
982,20170106T000000,917046,3,2.7,2658,4605,1.5,0,0,3,7,1180,1478,1969,0,98004,47.583387,-121.859653,719,14784
983,20170107T000000,297930,4,2.17,2472,13746,1.0,0,0,3,5,3442,0,1900,0,98006,47.179773,-122.031699,3802,3423
984,20170108T000000,794789,2,3.77,4425,12475,2.5,0,0,4,8,2818,1607,1961,0,98007,47.559825,-121.641986,3366,9272
985,20170109T000000,676005,3,2.58,2758,3173,2.5,0,2,3,6,2143,615,1975,0,98005,47.295991,-122.157618,2396,2573
986,20170110T000000,429627,3,1.64,4539,12676,3.0,0,0,4,11,3358,1181,1937,0,98003,47.120161,-122.23334,4944,9035
987,20170111T000000,1819441,3,3.99,2535,10714,2.5,0,0,3,6,3106,0,1991,0,98008,47.390381,-121.515134,2802,1419
988,20170112T000000,1447395,2,4.09,3771,7568,1.0,0,0,3,8,598,3173,1944,0,98003,47.40348,-121.588864,4684,1466
989,20170113T000000,491335,2,2.63,1357,3601,1.0,0,0,3,6,1025,332,1957,0,98005,47.427022,-122.471007,4226,6176
990,20170114T000000,738752,3,1.26,4323,3657,2.0,0,0,3,6,2741,1582,1980,0,98008,47.593377,-121.729271,2542,4393
991,20170115T000000,799420,6,2.36,1549,7080,2.5,0,0,2,9,1680,0,1900,0,98007,47.316191,-122.389665,1022,10757
992,20170116T000000,208260,3,3.81,4490,14854,1.0,0,0,3,9,2189,2301,1931,0,98005,47.320696,-122.472515,3207,10710
993,20170117T000000,427221,3,4.16,798,8325,1.0,0,0,3,5,1638,0,1907,0,98001,47.142387,-122.226304,3498,8433
994,20170118T000000,311630,3,1.71,1423,3159,2.0,0,0,3,4,895,528,1939,0,98006,47.580775,-122.230654,4421,8394
995,20170119T000000,368947,4,1.23,4732,11641,1.0,0,0,3,6,1269,3463,1955,0,98007,47.497478,-121.680681,1409,13222
996,20170120T000000,732113,3,4.07,4806,4830,1.5,0,0,5,9,2326,2480,1962,0,98008,47.344598,-121.789333,4633,3035
997,20170121T000000,2971871,3,2.36,3299,9313,2.0,0,2,3,9,3571,0,2006,0,98006,47.593632,-121.518391,2380,9995
998,20170122T000000,1083801,3,2.9,4562,5368,1.0,0,0,3,5,2045,2517,2009,0,98003,47.47615,-121.788487,3779,10269
999,20170123T000000,584837,1,4.39,4545,2317,1.0,0,2,3,8,3427,1118,1987,2009,98007,47.428471,-122.081744,4805,2632
1000,20170124T000000,1106933,1,1.23,2302,5493,2.0,0,0,3,9,3785,0,1973,0,98004,47.457927,-121.801072,3060,2984
